[2026-09-04 13:33:19] production.ERROR: No application encryption key has been specified. {"exception":"[object] (Illuminate\\Encryption\\MissingAppKeyException(code: 0): No application encryption key has been specified. at D:/KLTN_badminton_Laravel/KLTN_badminton/backend-laravel/vendor/laravel/framework/src/Illuminate/Encryption/EncryptionServiceProvider.php:83)
[stacktrace]
#0 D:/KLTN_badminton_Laravel/KLTN_badminton/backend-laravel/vendor/laravel/framework/src/Illuminate/Support/helpers.php(393): Illuminate/Encryption/EncryptionServiceProvider->Illuminate/Encryption/{closure}(NULL)
#1 D:/KLTN_badminton_Laravel/KLTN_badminton/backend-laravel/vendor/laravel/framework/src/Illuminate/Encryption/EncryptionServiceProvider.php(81): tap(NULL, Object(Closure))
#2 D:/KLTN_badminton_Laravel/KLTN_badminton/backend-laravel/vendor/laravel/framework/src/Illuminate/Encryption/EncryptionServiceProvider.php(64): Illuminate/Encryption/EncryptionServiceProvider->key(Array)
#3 D:/KLTN_badminton_Laravel/KLTN_badminton/backend-laravel/vendor/laravel/framework/src/Illuminate/Encryption/EncryptionServiceProvider.php(32): Illuminate/Encryption/EncryptionServiceProvider->parseKey(Array)
#4 D:/KLTN_badminton_Laravel/KLTN_badminton/backend-laravel/vendor/laravel/framework/src/Illuminate/Container/Container.php(1115): Illuminate/Encryption/EncryptionServiceProvider->Illuminate/Encryption/{closure}(Object(Illuminate/Foundation/Application), Array)
#5 D:/KLTN_badminton_Laravel/KLTN_badminton/backend-laravel/vendor/laravel/framework/src/Illuminate/Container/Container.php(933): Illuminate/Container/Container->build(Object(Closure))
#6 D:/KLTN_badminton_Laravel/KLTN_badminton/backend-laravel/vendor/laravel/framework/src/Illuminate/Foundation/Application.php(1078): Illuminate/Container/Container->resolve('encrypter', Array, true)
#7 D:/KLTN_badminton_Laravel/KLTN_badminton/backend-laravel/vendor/laravel/framework/src/Illuminate/Container/Container.php(864): Illuminate/Foundation/Application->resolve('encrypter', Array)
#8 D:/KLTN_badminton_Laravel/KLTN_badminton/backend-laravel/vendor/laravel/framework/src/Illuminate/Foundation/Application.php(1058): Illuminate/Container/Container->make('encrypter', Array)
#9 D:/KLTN_badminton_Laravel/KLTN_badminton/backend-laravel/vendor/laravel/framework/src/Illuminate/Container/Container.php(1336): Illuminate/Foundation/Application->make('encrypter')
#10 D:/KLTN_badminton_Laravel/KLTN_badminton/backend-laravel/vendor/laravel/framework/src/Illuminate/Container/Container.php(1237): Illuminate/Container/Container->resolveClass(Object(ReflectionParameter), 'Illuminate//Cont...')
#11 D:/KLTN_badminton_Laravel/KLTN_badminton/backend-laravel/vendor/laravel/framework/src/Illuminate/Container/Container.php(1162): Illuminate/Container/Container->resolveDependencies(Array)
#12 D:/KLTN_badminton_Laravel/KLTN_badminton/backend-laravel/vendor/laravel/framework/src/Illuminate/Container/Container.php(933): Illuminate/Container/Container->build('Illuminate//Cook...')
#13 D:/KLTN_badminton_Laravel/KLTN_badminton/backend-laravel/vendor/laravel/framework/src/Illuminate/Foundation/Application.php(1078): Illuminate/Container/Container->resolve('Illuminate//Cook...', Array, true)
#14 D:/KLTN_badminton_Laravel/KLTN_badminton/backend-laravel/vendor/laravel/framework/src/Illuminate/Container/Container.php(864): Illuminate/Foundation/Application->resolve('Illuminate//Cook...', Array)
#15 D:/KLTN_badminton_Laravel/KLTN_badminton/backend-laravel/vendor/laravel/framework/src/Illuminate/Foundation/Application.php(1058): Illuminate/Container/Container->make('Illuminate//Cook...', Array)
#16 D:/KLTN_badminton_Laravel/KLTN_badminton/backend-laravel/vendor/laravel/framework/src/Illuminate/Pipeline/Pipeline.php(208): Illuminate/Foundation/Application->make('Illuminate//Cook...')
#17 D:/KLTN_badminton_Laravel/KLTN_badminton/backend-laravel/vendor/laravel/framework/src/Illuminate/Pipeline/Pipeline.php(137): Illuminate/Pipeline/Pipeline->Illuminate/Pipeline/{closure}(Object(Illuminate/Http/Request))
#18 D:/KLTN_badminton_Laravel/KLTN_badminton/backend-laravel/vendor/laravel/framework/src/Illuminate/Routing/Router.php(821): Illuminate/Pipeline/Pipeline->then(Object(Closure))
#19 D:/KLTN_badminton_Laravel/KLTN_badminton/backend-laravel/vendor/laravel/framework/src/Illuminate/Routing/Router.php(800): Illuminate/Routing/Router->runRouteWithinStack(Object(Illuminate/Routing/Route), Object(Illuminate/Http/Request))
#20 D:/KLTN_badminton_Laravel/KLTN_badminton/backend-laravel/vendor/laravel/framework/src/Illuminate/Routing/Router.php(764): Illuminate/Routing/Router->runRoute(Object(Illuminate/Http/Request), Object(Illuminate/Routing/Route))
#21 D:/KLTN_badminton_Laravel/KLTN_badminton/backend-laravel/vendor/laravel/framework/src/Illuminate/Routing/Router.php(753): Illuminate/Routing/Router->dispatchToRoute(Object(Illuminate/Http/Request))
#22 D:/KLTN_badminton_Laravel/KLTN_badminton/backend-laravel/vendor/laravel/framework/src/Illuminate/Foundation/Http/Kernel.php(200): Illuminate/Routing/Router->dispatch(Object(Illuminate/Http/Request))
#23 D:/KLTN_badminton_Laravel/KLTN_badminton/backend-laravel/vendor/laravel/framework/src/Illuminate/Pipeline/Pipeline.php(180): Illuminate/Foundation/Http/Kernel->Illuminate/Foundation/Http/{closure}(Object(Illuminate/Http/Request))
#24 D:/KLTN_badminton_Laravel/KLTN_badminton/backend-laravel/vendor/laravel/framework/src/Illuminate/Foundation/Http/Middleware/TransformsRequest.php(21): Illuminate/Pipeline/Pipeline->Illuminate/Pipeline/{closure}(Object(Illuminate/Http/Request))
#25 D:/KLTN_badminton_Laravel/KLTN_badminton/backend-laravel/vendor/laravel/framework/src/Illuminate/Foundation/Http/Middleware/ConvertEmptyStringsToNull.php(31): Illuminate/Foundation/Http/Middleware/TransformsRequest->handle(Object(Illuminate/Http/Request), Object(Closure))
#26 D:/KLTN_badminton_Laravel/KLTN_badminton/backend-laravel/vendor/laravel/framework/src/Illuminate/Pipeline/Pipeline.php(219): Illuminate/Foundation/Http/Middleware/ConvertEmptyStringsToNull->handle(Object(Illuminate/Http/Request), Object(Closure))
#27 D:/KLTN_badminton_Laravel/KLTN_badminton/backend-laravel/vendor/laravel/framework/src/Illuminate/Foundation/Http/Middleware/TransformsRequest.php(21): Illuminate/Pipeline/Pipeline->Illuminate/Pipeline/{closure}(Object(Illuminate/Http/Request))
#28 D:/KLTN_badminton_Laravel/KLTN_badminton/backend-laravel/vendor/laravel/framework/src/Illuminate/Foundation/Http/Middleware/TrimStrings.php(51): Illuminate/Foundation/Http/Middleware/TransformsRequest->handle(Object(Illuminate/Http/Request), Object(Closure))
#29 D:/KLTN_badminton_Laravel/KLTN_badminton/backend-laravel/vendor/laravel/framework/src/Illuminate/Pipeline/Pipeline.php(219): Illuminate/Foundation/Http/Middleware/TrimStrings->handle(Object(Illuminate/Http/Request), Object(Closure))
#30 D:/KLTN_badminton_Laravel/KLTN_badminton/backend-laravel/vendor/laravel/framework/src/Illuminate/Http/Middleware/ValidatePostSize.php(27): Illuminate/Pipeline/Pipeline->Illuminate/Pipeline/{closure}(Object(Illuminate/Http/Request))
#31 D:/KLTN_badminton_Laravel/KLTN_badminton/backend-laravel/vendor/laravel/framework/src/Illuminate/Pipeline/Pipeline.php(219): Illuminate/Http/Middleware/ValidatePostSize->handle(Object(Illuminate/Http/Request), Object(Closure))
#32 D:/KLTN_badminton_Laravel/KLTN_badminton/backend-laravel/vendor/laravel/framework/src/Illuminate/Foundation/Http/Middleware/PreventRequestsDuringMaintenance.php(109): Illuminate/Pipeline/Pipeline->Illuminate/Pipeline/{closure}(Object(Illuminate/Http/Request))
#33 D:/KLTN_badminton_Laravel/KLTN_badminton/backend-laravel/vendor/laravel/framework/src/Illuminate/Pipeline/Pipeline.php(219): Illuminate/Foundation/Http/Middleware/PreventRequestsDuringMaintenance->handle(Object(Illuminate/Http/Request), Object(Closure))
#34 D:/KLTN_badminton_Laravel/KLTN_badminton/backend-laravel/vendor/laravel/framework/src/Illuminate/Http/Middleware/HandleCors.php(61): Illuminate/Pipeline/Pipeline->Illuminate/Pipeline/{closure}(Object(Illuminate/Http/Request))
#35 D:/KLTN_badminton_Laravel/KLTN_badminton/backend-laravel/vendor/laravel/framework/src/Illuminate/Pipeline/Pipeline.php(219): Illuminate/Http/Middleware/HandleCors->handle(Object(Illuminate/Http/Request), Object(Closure))
#36 D:/KLTN_badminton_Laravel/KLTN_badminton/backend-laravel/vendor/laravel/framework/src/Illuminate/Http/Middleware/TrustProxies.php(58): Illuminate/Pipeline/Pipeline->Illuminate/Pipeline/{closure}(Object(Illuminate/Http/Request))
#37 D:/KLTN_badminton_Laravel/KLTN_badminton/backend-laravel/vendor/laravel/framework/src/Illuminate/Pipeline/Pipeline.php(219): Illuminate/Http/Middleware/TrustProxies->handle(Object(Illuminate/Http/Request), Object(Closure))
#38 D:/KLTN_badminton_Laravel/KLTN_badminton/backend-laravel/vendor/laravel/framework/src/Illuminate/Foundation/Http/Middleware/InvokeDeferredCallbacks.php(22): Illuminate/Pipeline/Pipeline->Illuminate/Pipeline/{closure}(Object(Illuminate/Http/Request))
#39 D:/KLTN_badminton_Laravel/KLTN_badminton/backend-laravel/vendor/laravel/framework/src/Illuminate/Pipeline/Pipeline.php(219): Illuminate/Foundation/Http/Middleware/InvokeDeferredCallbacks->handle(Object(Illuminate/Http/Request), Object(Closure))
#40 D:/KLTN_badminton_Laravel/KLTN_badminton/backend-laravel/vendor/laravel/framework/src/Illuminate/Http/Middleware/ValidatePathEncoding.php(26): Illuminate/Pipeline/Pipeline->Illuminate/Pipeline/{closure}(Object(Illuminate/Http/Request))
#41 D:/KLTN_badminton_Laravel/KLTN_badminton/backend-laravel/vendor/laravel/framework/src/Illuminate/Pipeline/Pipeline.php(219): Illuminate/Http/Middleware/ValidatePathEncoding->handle(Object(Illuminate/Http/Request), Object(Closure))
#42 D:/KLTN_badminton_Laravel/KLTN_badminton/backend-laravel/vendor/laravel/framework/src/Illuminate/Pipeline/Pipeline.php(137): Illuminate/Pipeline/Pipeline->Illuminate/Pipeline/{closure}(Object(Illuminate/Http/Request))
#43 D:/KLTN_badminton_Laravel/KLTN_badminton/backend-laravel/vendor/laravel/framework/src/Illuminate/Foundation/Http/Kernel.php(175): Illuminate/Pipeline/Pipeline->then(Object(Closure))
#44 D:/KLTN_badminton_Laravel/KLTN_badminton/backend-laravel/vendor/laravel/framework/src/Illuminate/Foundation/Http/Kernel.php(144): Illuminate/Foundation/Http/Kernel->sendRequestThroughRouter(Object(Illuminate/Http/Request))
#45 D:/KLTN_badminton_Laravel/KLTN_badminton/backend-laravel/vendor/laravel/framework/src/Illuminate/Foundation/Application.php(1220): Illuminate/Foundation/Http/Kernel->handle(Object(Illuminate/Http/Request))
#46 D:/KLTN_badminton_Laravel/KLTN_badminton/backend-laravel/public/index.php(20): Illuminate/Foundation/Application->handleRequest(Object(Illuminate/Http/Request))
#47 D:/KLTN_badminton_Laravel/KLTN_badminton/backend-laravel/vendor/laravel/framework/src/Illuminate/Foundation/resources/server.php(23): require_once('D://KLTN_badmint...')
#48 {main}
"} 
[2026-09-04 13:33:19] production.ERROR: No application encryption key has been specified. {"exception":"[object] (Illuminate\\Encryption\\MissingAppKeyException(code: 0): No application encryption key has been specified. at D:/KLTN_badminton_Laravel/KLTN_badminton/backend-laravel/vendor/laravel/framework/src/Illuminate/Encryption/EncryptionServiceProvider.php:83)
[stacktrace]
#0 D:/KLTN_badminton_Laravel/KLTN_badminton/backend-laravel/vendor/laravel/framework/src/Illuminate/Support/helpers.php(393): Illuminate/Encryption/EncryptionServiceProvider->Illuminate/Encryption/{closure}(NULL)
#1 D:/KLTN_badminton_Laravel/KLTN_badminton/backend-laravel/vendor/laravel/framework/src/Illuminate/Encryption/EncryptionServiceProvider.php(81): tap(NULL, Object(Closure))
#2 D:/KLTN_badminton_Laravel/KLTN_badminton/backend-laravel/vendor/laravel/framework/src/Illuminate/Encryption/EncryptionServiceProvider.php(64): Illuminate/Encryption/EncryptionServiceProvider->key(Array)
#3 D:/KLTN_badminton_Laravel/KLTN_badminton/backend-laravel/vendor/laravel/framework/src/Illuminate/Encryption/EncryptionServiceProvider.php(32): Illuminate/Encryption/EncryptionServiceProvider->parseKey(Array)
#4 D:/KLTN_badminton_Laravel/KLTN_badminton/backend-laravel/vendor/laravel/framework/src/Illuminate/Container/Container.php(1115): Illuminate/Encryption/EncryptionServiceProvider->Illuminate/Encryption/{closure}(Object(Illuminate/Foundation/Application), Array)
#5 D:/KLTN_badminton_Laravel/KLTN_badminton/backend-laravel/vendor/laravel/framework/src/Illuminate/Container/Container.php(933): Illuminate/Container/Container->build(Object(Closure))
#6 D:/KLTN_badminton_Laravel/KLTN_badminton/backend-laravel/vendor/laravel/framework/src/Illuminate/Foundation/Application.php(1078): Illuminate/Container/Container->resolve('encrypter', Array, true)
#7 D:/KLTN_badminton_Laravel/KLTN_badminton/backend-laravel/vendor/laravel/framework/src/Illuminate/Container/Container.php(864): Illuminate/Foundation/Application->resolve('encrypter', Array)
#8 D:/KLTN_badminton_Laravel/KLTN_badminton/backend-laravel/vendor/laravel/framework/src/Illuminate/Foundation/Application.php(1058): Illuminate/Container/Container->make('encrypter', Array)
#9 D:/KLTN_badminton_Laravel/KLTN_badminton/backend-laravel/vendor/laravel/framework/src/Illuminate/Container/Container.php(1336): Illuminate/Foundation/Application->make('encrypter')
#10 D:/KLTN_badminton_Laravel/KLTN_badminton/backend-laravel/vendor/laravel/framework/src/Illuminate/Container/Container.php(1237): Illuminate/Container/Container->resolveClass(Object(ReflectionParameter), 'Illuminate//Cont...')
#11 D:/KLTN_badminton_Laravel/KLTN_badminton/backend-laravel/vendor/laravel/framework/src/Illuminate/Container/Container.php(1162): Illuminate/Container/Container->resolveDependencies(Array)
#12 D:/KLTN_badminton_Laravel/KLTN_badminton/backend-laravel/vendor/laravel/framework/src/Illuminate/Container/Container.php(933): Illuminate/Container/Container->build('Illuminate//Cook...')
#13 D:/KLTN_badminton_Laravel/KLTN_badminton/backend-laravel/vendor/laravel/framework/src/Illuminate/Foundation/Application.php(1078): Illuminate/Container/Container->resolve('Illuminate//Cook...', Array, true)
#14 D:/KLTN_badminton_Laravel/KLTN_badminton/backend-laravel/vendor/laravel/framework/src/Illuminate/Container/Container.php(864): Illuminate/Foundation/Application->resolve('Illuminate//Cook...', Array)
#15 D:/KLTN_badminton_Laravel/KLTN_badminton/backend-laravel/vendor/laravel/framework/src/Illuminate/Foundation/Application.php(1058): Illuminate/Container/Container->make('Illuminate//Cook...', Array)
#16 D:/KLTN_badminton_Laravel/KLTN_badminton/backend-laravel/vendor/laravel/framework/src/Illuminate/Foundation/Http/Kernel.php(257): Illuminate/Foundation/Application->make('Illuminate//Cook...')
#17 D:/KLTN_badminton_Laravel/KLTN_badminton/backend-laravel/vendor/laravel/framework/src/Illuminate/Foundation/Http/Kernel.php(215): Illuminate/Foundation/Http/Kernel->terminateMiddleware(Object(Illuminate/Http/Request), Object(Illuminate/Http/Response))
#18 D:/KLTN_badminton_Laravel/KLTN_badminton/backend-laravel/vendor/laravel/framework/src/Illuminate/Foundation/Application.php(1222): Illuminate/Foundation/Http/Kernel->terminate(Object(Illuminate/Http/Request), Object(Illuminate/Http/Response))
#19 D:/KLTN_badminton_Laravel/KLTN_badminton/backend-laravel/public/index.php(20): Illuminate/Foundation/Application->handleRequest(Object(Illuminate/Http/Request))
#20 D:/KLTN_badminton_Laravel/KLTN_badminton/backend-laravel/vendor/laravel/framework/src/Illuminate/Foundation/resources/server.php(23): require_once('D://KLTN_badmint...')
#21 {main}
"} 
[2026-09-04 13:51:29] local.ERROR: The "intl" PHP extension is required to use the [format] method. {"exception":"[object] (RuntimeException(code: 0): The \"intl\" PHP extension is required to use the [format] method. at D:/KLTN_badminton_Laravel/KLTN_badminton/backend-laravel/vendor/laravel/framework/src/Illuminate/Support/Number.php:453)
[stacktrace]
#0 D:/KLTN_badminton_Laravel/KLTN_badminton/backend-laravel/vendor/laravel/framework/src/Illuminate/Support/Number.php(38): Illuminate/Support/Number::ensureIntlExtensionIsInstalled()
#1 D:/KLTN_badminton_Laravel/KLTN_badminton/backend-laravel/vendor/laravel/framework/src/Illuminate/Support/Number.php(216): Illuminate/Support/Number::format(1.734375, 2, NULL)
#2 D:/KLTN_badminton_Laravel/KLTN_badminton/backend-laravel/vendor/laravel/framework/src/Illuminate/Database/Console/ShowCommand.php(176): Illuminate/Support/Number::fileSize(1.734375, 2)
#3 D:/KLTN_badminton_Laravel/KLTN_badminton/backend-laravel/vendor/laravel/framework/src/Illuminate/Database/Console/ShowCommand.php(136): Illuminate/Database/Console/ShowCommand->displayForCli(Array)
#4 D:/KLTN_badminton_Laravel/KLTN_badminton/backend-laravel/vendor/laravel/framework/src/Illuminate/Database/Console/ShowCommand.php(65): Illuminate/Database/Console/ShowCommand->display(Array)
#5 D:/KLTN_badminton_Laravel/KLTN_badminton/backend-laravel/vendor/laravel/framework/src/Illuminate/Container/BoundMethod.php(36): Illuminate/Database/Console/ShowCommand->handle(Object(Illuminate/Database/DatabaseManager))
#6 D:/KLTN_badminton_Laravel/KLTN_badminton/backend-laravel/vendor/laravel/framework/src/Illuminate/Container/Util.php(43): Illuminate/Container/BoundMethod::Illuminate/Container/{closure}()
#7 D:/KLTN_badminton_Laravel/KLTN_badminton/backend-laravel/vendor/laravel/framework/src/Illuminate/Container/BoundMethod.php(96): Illuminate/Container/Util::unwrapIfClosure(Object(Closure))
#8 D:/KLTN_badminton_Laravel/KLTN_badminton/backend-laravel/vendor/laravel/framework/src/Illuminate/Container/BoundMethod.php(35): Illuminate/Container/BoundMethod::callBoundMethod(Object(Illuminate/Foundation/Application), Array, Object(Closure))
#9 D:/KLTN_badminton_Laravel/KLTN_badminton/backend-laravel/vendor/laravel/framework/src/Illuminate/Container/Container.php(799): Illuminate/Container/BoundMethod::call(Object(Illuminate/Foundation/Application), Array, Array, NULL)
#10 D:/KLTN_badminton_Laravel/KLTN_badminton/backend-laravel/vendor/laravel/framework/src/Illuminate/Console/Command.php(211): Illuminate/Container/Container->call(Array)
#11 D:/KLTN_badminton_Laravel/KLTN_badminton/backend-laravel/vendor/symfony/console/Command/Command.php(341): Illuminate/Console/Command->execute(Object(Symfony/Component/Console/Input/ArgvInput), Object(Illuminate/Console/OutputStyle))
#12 D:/KLTN_badminton_Laravel/KLTN_badminton/backend-laravel/vendor/laravel/framework/src/Illuminate/Console/Command.php(180): Symfony/Component/Console/Command/Command->run(Object(Symfony/Component/Console/Input/ArgvInput), Object(Illuminate/Console/OutputStyle))
#13 D:/KLTN_badminton_Laravel/KLTN_badminton/backend-laravel/vendor/symfony/console/Application.php(1117): Illuminate/Console/Command->run(Object(Symfony/Component/Console/Input/ArgvInput), Object(Symfony/Component/Console/Output/ConsoleOutput))
#14 D:/KLTN_badminton_Laravel/KLTN_badminton/backend-laravel/vendor/symfony/console/Application.php(356): Symfony/Component/Console/Application->doRunCommand(Object(Illuminate/Database/Console/ShowCommand), Object(Symfony/Component/Console/Input/ArgvInput), Object(Symfony/Component/Console/Output/ConsoleOutput))
#15 D:/KLTN_badminton_Laravel/KLTN_badminton/backend-laravel/vendor/symfony/console/Application.php(195): Symfony/Component/Console/Application->doRun(Object(Symfony/Component/Console/Input/ArgvInput), Object(Symfony/Component/Console/Output/ConsoleOutput))
#16 D:/KLTN_badminton_Laravel/KLTN_badminton/backend-laravel/vendor/laravel/framework/src/Illuminate/Foundation/Console/Kernel.php(198): Symfony/Component/Console/Application->run(Object(Symfony/Component/Console/Input/ArgvInput), Object(Symfony/Component/Console/Output/ConsoleOutput))
#17 D:/KLTN_badminton_Laravel/KLTN_badminton/backend-laravel/vendor/laravel/framework/src/Illuminate/Foundation/Application.php(1235): Illuminate/Foundation/Console/Kernel->handle(Object(Symfony/Component/Console/Input/ArgvInput), Object(Symfony/Component/Console/Output/ConsoleOutput))
#18 D:/KLTN_badminton_Laravel/KLTN_badminton/backend-laravel/artisan(16): Illuminate/Foundation/Application->handleCommand(Object(Symfony/Component/Console/Input/ArgvInput))
#19 {main}
"} 
[2026-09-04 14:14:38] local.ERROR: Class "App\Models\PasswordResetOtp" not found {"exception":"[object] (Error(code: 0): Class \"App\\Models\\PasswordResetOtp\" not found at D:/KLTN_badminton_Laravel/KLTN_badminton/backend-laravel/app/Http/Controllers/ForgotPasswordController.php:44)
[stacktrace]
#0 D:/KLTN_badminton_Laravel/KLTN_badminton/backend-laravel/vendor/laravel/framework/src/Illuminate/Routing/ControllerDispatcher.php(46): App/Http/Controllers/ForgotPasswordController->sendOtp(Object(Illuminate/Http/Request))
#1 D:/KLTN_badminton_Laravel/KLTN_badminton/backend-laravel/vendor/laravel/framework/src/Illuminate/Routing/Route.php(265): Illuminate/Routing/ControllerDispatcher->dispatch(Object(Illuminate/Routing/Route), Object(App/Http/Controllers/ForgotPasswordController), 'sendOtp')
#2 D:/KLTN_badminton_Laravel/KLTN_badminton/backend-laravel/vendor/laravel/framework/src/Illuminate/Routing/Route.php(211): Illuminate/Routing/Route->runController()
#3 D:/KLTN_badminton_Laravel/KLTN_badminton/backend-laravel/vendor/laravel/framework/src/Illuminate/Routing/Router.php(822): Illuminate/Routing/Route->run()
#4 D:/KLTN_badminton_Laravel/KLTN_badminton/backend-laravel/vendor/laravel/framework/src/Illuminate/Pipeline/Pipeline.php(180): Illuminate/Routing/Router->Illuminate/Routing/{closure}(Object(Illuminate/Http/Request))
#5 D:/KLTN_badminton_Laravel/KLTN_badminton/backend-laravel/vendor/laravel/framework/src/Illuminate/Routing/Middleware/SubstituteBindings.php(50): Illuminate/Pipeline/Pipeline->Illuminate/Pipeline/{closure}(Object(Illuminate/Http/Request))
#6 D:/KLTN_badminton_Laravel/KLTN_badminton/backend-laravel/vendor/laravel/framework/src/Illuminate/Pipeline/Pipeline.php(219): Illuminate/Routing/Middleware/SubstituteBindings->handle(Object(Illuminate/Http/Request), Object(Closure))
#7 D:/KLTN_badminton_Laravel/KLTN_badminton/backend-laravel/vendor/laravel/framework/src/Illuminate/Routing/Middleware/ThrottleRequests.php(166): Illuminate/Pipeline/Pipeline->Illuminate/Pipeline/{closure}(Object(Illuminate/Http/Request))
#8 D:/KLTN_badminton_Laravel/KLTN_badminton/backend-laravel/vendor/laravel/framework/src/Illuminate/Routing/Middleware/ThrottleRequests.php(93): Illuminate/Routing/Middleware/ThrottleRequests->handleRequest(Object(Illuminate/Http/Request), Object(Closure), Array)
#9 D:/KLTN_badminton_Laravel/KLTN_badminton/backend-laravel/vendor/laravel/framework/src/Illuminate/Pipeline/Pipeline.php(219): Illuminate/Routing/Middleware/ThrottleRequests->handle(Object(Illuminate/Http/Request), Object(Closure), '5', '1')
#10 D:/KLTN_badminton_Laravel/KLTN_badminton/backend-laravel/vendor/laravel/framework/src/Illuminate/Pipeline/Pipeline.php(137): Illuminate/Pipeline/Pipeline->Illuminate/Pipeline/{closure}(Object(Illuminate/Http/Request))
#11 D:/KLTN_badminton_Laravel/KLTN_badminton/backend-laravel/vendor/laravel/framework/src/Illuminate/Routing/Router.php(821): Illuminate/Pipeline/Pipeline->then(Object(Closure))
#12 D:/KLTN_badminton_Laravel/KLTN_badminton/backend-laravel/vendor/laravel/framework/src/Illuminate/Routing/Router.php(800): Illuminate/Routing/Router->runRouteWithinStack(Object(Illuminate/Routing/Route), Object(Illuminate/Http/Request))
#13 D:/KLTN_badminton_Laravel/KLTN_badminton/backend-laravel/vendor/laravel/framework/src/Illuminate/Routing/Router.php(764): Illuminate/Routing/Router->runRoute(Object(Illuminate/Http/Request), Object(Illuminate/Routing/Route))
#14 D:/KLTN_badminton_Laravel/KLTN_badminton/backend-laravel/vendor/laravel/framework/src/Illuminate/Routing/Router.php(753): Illuminate/Routing/Router->dispatchToRoute(Object(Illuminate/Http/Request))
#15 D:/KLTN_badminton_Laravel/KLTN_badminton/backend-laravel/vendor/laravel/framework/src/Illuminate/Foundation/Http/Kernel.php(200): Illuminate/Routing/Router->dispatch(Object(Illuminate/Http/Request))
#16 D:/KLTN_badminton_Laravel/KLTN_badminton/backend-laravel/vendor/laravel/framework/src/Illuminate/Pipeline/Pipeline.php(180): Illuminate/Foundation/Http/Kernel->Illuminate/Foundation/Http/{closure}(Object(Illuminate/Http/Request))
#17 D:/KLTN_badminton_Laravel/KLTN_badminton/backend-laravel/vendor/laravel/framework/src/Illuminate/Foundation/Http/Middleware/TransformsRequest.php(21): Illuminate/Pipeline/Pipeline->Illuminate/Pipeline/{closure}(Object(Illuminate/Http/Request))
#18 D:/KLTN_badminton_Laravel/KLTN_badminton/backend-laravel/vendor/laravel/framework/src/Illuminate/Foundation/Http/Middleware/ConvertEmptyStringsToNull.php(31): Illuminate/Foundation/Http/Middleware/TransformsRequest->handle(Object(Illuminate/Http/Request), Object(Closure))
#19 D:/KLTN_badminton_Laravel/KLTN_badminton/backend-laravel/vendor/laravel/framework/src/Illuminate/Pipeline/Pipeline.php(219): Illuminate/Foundation/Http/Middleware/ConvertEmptyStringsToNull->handle(Object(Illuminate/Http/Request), Object(Closure))
#20 D:/KLTN_badminton_Laravel/KLTN_badminton/backend-laravel/vendor/laravel/framework/src/Illuminate/Foundation/Http/Middleware/TransformsRequest.php(21): Illuminate/Pipeline/Pipeline->Illuminate/Pipeline/{closure}(Object(Illuminate/Http/Request))
#21 D:/KLTN_badminton_Laravel/KLTN_badminton/backend-laravel/vendor/laravel/framework/src/Illuminate/Foundation/Http/Middleware/TrimStrings.php(51): Illuminate/Foundation/Http/Middleware/TransformsRequest->handle(Object(Illuminate/Http/Request), Object(Closure))
#22 D:/KLTN_badminton_Laravel/KLTN_badminton/backend-laravel/vendor/laravel/framework/src/Illuminate/Pipeline/Pipeline.php(219): Illuminate/Foundation/Http/Middleware/TrimStrings->handle(Object(Illuminate/Http/Request), Object(Closure))
#23 D:/KLTN_badminton_Laravel/KLTN_badminton/backend-laravel/vendor/laravel/framework/src/Illuminate/Http/Middleware/ValidatePostSize.php(27): Illuminate/Pipeline/Pipeline->Illuminate/Pipeline/{closure}(Object(Illuminate/Http/Request))
#24 D:/KLTN_badminton_Laravel/KLTN_badminton/backend-laravel/vendor/laravel/framework/src/Illuminate/Pipeline/Pipeline.php(219): Illuminate/Http/Middleware/ValidatePostSize->handle(Object(Illuminate/Http/Request), Object(Closure))
#25 D:/KLTN_badminton_Laravel/KLTN_badminton/backend-laravel/vendor/laravel/framework/src/Illuminate/Foundation/Http/Middleware/PreventRequestsDuringMaintenance.php(109): Illuminate/Pipeline/Pipeline->Illuminate/Pipeline/{closure}(Object(Illuminate/Http/Request))
#26 D:/KLTN_badminton_Laravel/KLTN_badminton/backend-laravel/vendor/laravel/framework/src/Illuminate/Pipeline/Pipeline.php(219): Illuminate/Foundation/Http/Middleware/PreventRequestsDuringMaintenance->handle(Object(Illuminate/Http/Request), Object(Closure))
#27 D:/KLTN_badminton_Laravel/KLTN_badminton/backend-laravel/vendor/laravel/framework/src/Illuminate/Http/Middleware/HandleCors.php(74): Illuminate/Pipeline/Pipeline->Illuminate/Pipeline/{closure}(Object(Illuminate/Http/Request))
#28 D:/KLTN_badminton_Laravel/KLTN_badminton/backend-laravel/vendor/laravel/framework/src/Illuminate/Pipeline/Pipeline.php(219): Illuminate/Http/Middleware/HandleCors->handle(Object(Illuminate/Http/Request), Object(Closure))
#29 D:/KLTN_badminton_Laravel/KLTN_badminton/backend-laravel/vendor/laravel/framework/src/Illuminate/Http/Middleware/TrustProxies.php(58): Illuminate/Pipeline/Pipeline->Illuminate/Pipeline/{closure}(Object(Illuminate/Http/Request))
#30 D:/KLTN_badminton_Laravel/KLTN_badminton/backend-laravel/vendor/laravel/framework/src/Illuminate/Pipeline/Pipeline.php(219): Illuminate/Http/Middleware/TrustProxies->handle(Object(Illuminate/Http/Request), Object(Closure))
#31 D:/KLTN_badminton_Laravel/KLTN_badminton/backend-laravel/vendor/laravel/framework/src/Illuminate/Foundation/Http/Middleware/InvokeDeferredCallbacks.php(22): Illuminate/Pipeline/Pipeline->Illuminate/Pipeline/{closure}(Object(Illuminate/Http/Request))
#32 D:/KLTN_badminton_Laravel/KLTN_badminton/backend-laravel/vendor/laravel/framework/src/Illuminate/Pipeline/Pipeline.php(219): Illuminate/Foundation/Http/Middleware/InvokeDeferredCallbacks->handle(Object(Illuminate/Http/Request), Object(Closure))
#33 D:/KLTN_badminton_Laravel/KLTN_badminton/backend-laravel/vendor/laravel/framework/src/Illuminate/Http/Middleware/ValidatePathEncoding.php(26): Illuminate/Pipeline/Pipeline->Illuminate/Pipeline/{closure}(Object(Illuminate/Http/Request))
#34 D:/KLTN_badminton_Laravel/KLTN_badminton/backend-laravel/vendor/laravel/framework/src/Illuminate/Pipeline/Pipeline.php(219): Illuminate/Http/Middleware/ValidatePathEncoding->handle(Object(Illuminate/Http/Request), Object(Closure))
#35 D:/KLTN_badminton_Laravel/KLTN_badminton/backend-laravel/vendor/laravel/framework/src/Illuminate/Pipeline/Pipeline.php(137): Illuminate/Pipeline/Pipeline->Illuminate/Pipeline/{closure}(Object(Illuminate/Http/Request))
#36 D:/KLTN_badminton_Laravel/KLTN_badminton/backend-laravel/vendor/laravel/framework/src/Illuminate/Foundation/Http/Kernel.php(175): Illuminate/Pipeline/Pipeline->then(Object(Closure))
#37 D:/KLTN_badminton_Laravel/KLTN_badminton/backend-laravel/vendor/laravel/framework/src/Illuminate/Foundation/Http/Kernel.php(144): Illuminate/Foundation/Http/Kernel->sendRequestThroughRouter(Object(Illuminate/Http/Request))
#38 D:/KLTN_badminton_Laravel/KLTN_badminton/backend-laravel/vendor/laravel/framework/src/Illuminate/Foundation/Application.php(1220): Illuminate/Foundation/Http/Kernel->handle(Object(Illuminate/Http/Request))
#39 D:/KLTN_badminton_Laravel/KLTN_badminton/backend-laravel/public/index.php(20): Illuminate/Foundation/Application->handleRequest(Object(Illuminate/Http/Request))
#40 D:/KLTN_badminton_Laravel/KLTN_badminton/backend-laravel/vendor/laravel/framework/src/Illuminate/Foundation/resources/server.php(23): require_once('D://KLTN_badmint...')
#41 {main}
"} 
[2026-09-04 14:16:51] local.ERROR: Failed to authenticate on SMTP server with username "email_he_thong@gmail.com" using the following authenticators: "LOGIN", "PLAIN", "XOAUTH2". Authenticator "LOGIN" returned "Expected response code "235" but got code "535", with message "535-5.7.8 Username and Password not accepted. For more information, go to
535 5.7.8  https://support.google.com/mail/?p=BadCredentials 98e67ed59e1d1-39b08c3a526sm11063711a91.10 - gsmtp".". Authenticator "PLAIN" returned "Expected response code "235" but got code "535", with message "535-5.7.8 Username and Password not accepted. For more information, go to
535 5.7.8  https://support.google.com/mail/?p=BadCredentials 98e67ed59e1d1-39b08c3a526sm11063711a91.10 - gsmtp".". Authenticator "XOAUTH2" returned "Expected response code "235" but got code "334", with message "334 eyJzdGF0dXMiOiI0MDAiLCJzY2hlbWVzIjoiQmVhcmVyIiwic2NvcGUiOiJodHRwczovL21haWwuZ29vZ2xlLmNvbS8ifQ==".". {"exception":"[object] (Symfony\\Component\\Mailer\\Exception\\TransportException(code: 334): Failed to authenticate on SMTP server with username \"email_he_thong@gmail.com\" using the following authenticators: \"LOGIN\", \"PLAIN\", \"XOAUTH2\". Authenticator \"LOGIN\" returned \"Expected response code \"235\" but got code \"535\", with message \"535-5.7.8 Username and Password not accepted. For more information, go to

535 5.7.8  https://support.google.com/mail/?p=BadCredentials 98e67ed59e1d1-39b08c3a526sm11063711a91.10 - gsmtp\".\". Authenticator \"PLAIN\" returned \"Expected response code \"235\" but got code \"535\", with message \"535-5.7.8 Username and Password not accepted. For more information, go to

535 5.7.8  https://support.google.com/mail/?p=BadCredentials 98e67ed59e1d1-39b08c3a526sm11063711a91.10 - gsmtp\".\". Authenticator \"XOAUTH2\" returned \"Expected response code \"235\" but got code \"334\", with message \"334 eyJzdGF0dXMiOiI0MDAiLCJzY2hlbWVzIjoiQmVhcmVyIiwic2NvcGUiOiJodHRwczovL21haWwuZ29vZ2xlLmNvbS8ifQ==\".\". at D:/KLTN_badminton_Laravel/KLTN_badminton/backend-laravel/vendor/symfony/mailer/Transport/Smtp/EsmtpTransport.php:269)
[stacktrace]
#0 D:/KLTN_badminton_Laravel/KLTN_badminton/backend-laravel/vendor/symfony/mailer/Transport/Smtp/EsmtpTransport.php(199): Symfony/Component/Mailer/Transport/Smtp/EsmtpTransport->handleAuth(Array)
#1 D:/KLTN_badminton_Laravel/KLTN_badminton/backend-laravel/vendor/symfony/mailer/Transport/Smtp/EsmtpTransport.php(150): Symfony/Component/Mailer/Transport/Smtp/EsmtpTransport->doEhloCommand()
#2 D:/KLTN_badminton_Laravel/KLTN_badminton/backend-laravel/vendor/symfony/mailer/Transport/Smtp/SmtpTransport.php(258): Symfony/Component/Mailer/Transport/Smtp/EsmtpTransport->executeCommand('HELO localhost/r...', Array)
#3 D:/KLTN_badminton_Laravel/KLTN_badminton/backend-laravel/vendor/symfony/mailer/Transport/Smtp/SmtpTransport.php(284): Symfony/Component/Mailer/Transport/Smtp/SmtpTransport->doHeloCommand()
#4 D:/KLTN_badminton_Laravel/KLTN_badminton/backend-laravel/vendor/symfony/mailer/Transport/Smtp/SmtpTransport.php(214): Symfony/Component/Mailer/Transport/Smtp/SmtpTransport->start()
#5 D:/KLTN_badminton_Laravel/KLTN_badminton/backend-laravel/vendor/symfony/mailer/Transport/AbstractTransport.php(69): Symfony/Component/Mailer/Transport/Smtp/SmtpTransport->doSend(Object(Symfony/Component/Mailer/SentMessage))
#6 D:/KLTN_badminton_Laravel/KLTN_badminton/backend-laravel/vendor/symfony/mailer/Transport/Smtp/SmtpTransport.php(142): Symfony/Component/Mailer/Transport/AbstractTransport->send(Object(Symfony/Component/Mime/Email), Object(Symfony/Component/Mailer/DelayedEnvelope))
#7 D:/KLTN_badminton_Laravel/KLTN_badminton/backend-laravel/vendor/laravel/framework/src/Illuminate/Mail/Mailer.php(584): Symfony/Component/Mailer/Transport/Smtp/SmtpTransport->send(Object(Symfony/Component/Mime/Email), Object(Symfony/Component/Mailer/DelayedEnvelope))
#8 D:/KLTN_badminton_Laravel/KLTN_badminton/backend-laravel/vendor/laravel/framework/src/Illuminate/Mail/Mailer.php(331): Illuminate/Mail/Mailer->sendSymfonyMessage(Object(Symfony/Component/Mime/Email))
#9 D:/KLTN_badminton_Laravel/KLTN_badminton/backend-laravel/vendor/laravel/framework/src/Illuminate/Mail/Mailer.php(223): Illuminate/Mail/Mailer->send(NULL, Array, Object(Closure))
#10 D:/KLTN_badminton_Laravel/KLTN_badminton/backend-laravel/vendor/laravel/framework/src/Illuminate/Mail/MailManager.php(623): Illuminate/Mail/Mailer->raw('Xin ch/xC3/xA0o Nguy/xE1...', Object(Closure))
#11 D:/KLTN_badminton_Laravel/KLTN_badminton/backend-laravel/vendor/laravel/framework/src/Illuminate/Support/Facades/Facade.php(363): Illuminate/Mail/MailManager->__call('raw', Array)
#12 D:/KLTN_badminton_Laravel/KLTN_badminton/backend-laravel/app/Http/Controllers/ForgotPasswordController.php(77): Illuminate/Support/Facades/Facade::__callStatic('raw', Array)
#13 D:/KLTN_badminton_Laravel/KLTN_badminton/backend-laravel/vendor/laravel/framework/src/Illuminate/Routing/ControllerDispatcher.php(46): App/Http/Controllers/ForgotPasswordController->sendOtp(Object(Illuminate/Http/Request))
#14 D:/KLTN_badminton_Laravel/KLTN_badminton/backend-laravel/vendor/laravel/framework/src/Illuminate/Routing/Route.php(265): Illuminate/Routing/ControllerDispatcher->dispatch(Object(Illuminate/Routing/Route), Object(App/Http/Controllers/ForgotPasswordController), 'sendOtp')
#15 D:/KLTN_badminton_Laravel/KLTN_badminton/backend-laravel/vendor/laravel/framework/src/Illuminate/Routing/Route.php(211): Illuminate/Routing/Route->runController()
#16 D:/KLTN_badminton_Laravel/KLTN_badminton/backend-laravel/vendor/laravel/framework/src/Illuminate/Routing/Router.php(822): Illuminate/Routing/Route->run()
#17 D:/KLTN_badminton_Laravel/KLTN_badminton/backend-laravel/vendor/laravel/framework/src/Illuminate/Pipeline/Pipeline.php(180): Illuminate/Routing/Router->Illuminate/Routing/{closure}(Object(Illuminate/Http/Request))
#18 D:/KLTN_badminton_Laravel/KLTN_badminton/backend-laravel/vendor/laravel/framework/src/Illuminate/Routing/Middleware/SubstituteBindings.php(50): Illuminate/Pipeline/Pipeline->Illuminate/Pipeline/{closure}(Object(Illuminate/Http/Request))
#19 D:/KLTN_badminton_Laravel/KLTN_badminton/backend-laravel/vendor/laravel/framework/src/Illuminate/Pipeline/Pipeline.php(219): Illuminate/Routing/Middleware/SubstituteBindings->handle(Object(Illuminate/Http/Request), Object(Closure))
#20 D:/KLTN_badminton_Laravel/KLTN_badminton/backend-laravel/vendor/laravel/framework/src/Illuminate/Routing/Middleware/ThrottleRequests.php(166): Illuminate/Pipeline/Pipeline->Illuminate/Pipeline/{closure}(Object(Illuminate/Http/Request))
#21 D:/KLTN_badminton_Laravel/KLTN_badminton/backend-laravel/vendor/laravel/framework/src/Illuminate/Routing/Middleware/ThrottleRequests.php(93): Illuminate/Routing/Middleware/ThrottleRequests->handleRequest(Object(Illuminate/Http/Request), Object(Closure), Array)
#22 D:/KLTN_badminton_Laravel/KLTN_badminton/backend-laravel/vendor/laravel/framework/src/Illuminate/Pipeline/Pipeline.php(219): Illuminate/Routing/Middleware/ThrottleRequests->handle(Object(Illuminate/Http/Request), Object(Closure), '5', '1')
#23 D:/KLTN_badminton_Laravel/KLTN_badminton/backend-laravel/vendor/laravel/framework/src/Illuminate/Pipeline/Pipeline.php(137): Illuminate/Pipeline/Pipeline->Illuminate/Pipeline/{closure}(Object(Illuminate/Http/Request))
#24 D:/KLTN_badminton_Laravel/KLTN_badminton/backend-laravel/vendor/laravel/framework/src/Illuminate/Routing/Router.php(821): Illuminate/Pipeline/Pipeline->then(Object(Closure))
#25 D:/KLTN_badminton_Laravel/KLTN_badminton/backend-laravel/vendor/laravel/framework/src/Illuminate/Routing/Router.php(800): Illuminate/Routing/Router->runRouteWithinStack(Object(Illuminate/Routing/Route), Object(Illuminate/Http/Request))
#26 D:/KLTN_badminton_Laravel/KLTN_badminton/backend-laravel/vendor/laravel/framework/src/Illuminate/Routing/Router.php(764): Illuminate/Routing/Router->runRoute(Object(Illuminate/Http/Request), Object(Illuminate/Routing/Route))
#27 D:/KLTN_badminton_Laravel/KLTN_badminton/backend-laravel/vendor/laravel/framework/src/Illuminate/Routing/Router.php(753): Illuminate/Routing/Router->dispatchToRoute(Object(Illuminate/Http/Request))
#28 D:/KLTN_badminton_Laravel/KLTN_badminton/backend-laravel/vendor/laravel/framework/src/Illuminate/Foundation/Http/Kernel.php(200): Illuminate/Routing/Router->dispatch(Object(Illuminate/Http/Request))
#29 D:/KLTN_badminton_Laravel/KLTN_badminton/backend-laravel/vendor/laravel/framework/src/Illuminate/Pipeline/Pipeline.php(180): Illuminate/Foundation/Http/Kernel->Illuminate/Foundation/Http/{closure}(Object(Illuminate/Http/Request))
#30 D:/KLTN_badminton_Laravel/KLTN_badminton/backend-laravel/vendor/laravel/framework/src/Illuminate/Foundation/Http/Middleware/TransformsRequest.php(21): Illuminate/Pipeline/Pipeline->Illuminate/Pipeline/{closure}(Object(Illuminate/Http/Request))
#31 D:/KLTN_badminton_Laravel/KLTN_badminton/backend-laravel/vendor/laravel/framework/src/Illuminate/Foundation/Http/Middleware/ConvertEmptyStringsToNull.php(31): Illuminate/Foundation/Http/Middleware/TransformsRequest->handle(Object(Illuminate/Http/Request), Object(Closure))
#32 D:/KLTN_badminton_Laravel/KLTN_badminton/backend-laravel/vendor/laravel/framework/src/Illuminate/Pipeline/Pipeline.php(219): Illuminate/Foundation/Http/Middleware/ConvertEmptyStringsToNull->handle(Object(Illuminate/Http/Request), Object(Closure))
#33 D:/KLTN_badminton_Laravel/KLTN_badminton/backend-laravel/vendor/laravel/framework/src/Illuminate/Foundation/Http/Middleware/TransformsRequest.php(21): Illuminate/Pipeline/Pipeline->Illuminate/Pipeline/{closure}(Object(Illuminate/Http/Request))
#34 D:/KLTN_badminton_Laravel/KLTN_badminton/backend-laravel/vendor/laravel/framework/src/Illuminate/Foundation/Http/Middleware/TrimStrings.php(51): Illuminate/Foundation/Http/Middleware/TransformsRequest->handle(Object(Illuminate/Http/Request), Object(Closure))
#35 D:/KLTN_badminton_Laravel/KLTN_badminton/backend-laravel/vendor/laravel/framework/src/Illuminate/Pipeline/Pipeline.php(219): Illuminate/Foundation/Http/Middleware/TrimStrings->handle(Object(Illuminate/Http/Request), Object(Closure))
#36 D:/KLTN_badminton_Laravel/KLTN_badminton/backend-laravel/vendor/laravel/framework/src/Illuminate/Http/Middleware/ValidatePostSize.php(27): Illuminate/Pipeline/Pipeline->Illuminate/Pipeline/{closure}(Object(Illuminate/Http/Request))
#37 D:/KLTN_badminton_Laravel/KLTN_badminton/backend-laravel/vendor/laravel/framework/src/Illuminate/Pipeline/Pipeline.php(219): Illuminate/Http/Middleware/ValidatePostSize->handle(Object(Illuminate/Http/Request), Object(Closure))
#38 D:/KLTN_badminton_Laravel/KLTN_badminton/backend-laravel/vendor/laravel/framework/src/Illuminate/Foundation/Http/Middleware/PreventRequestsDuringMaintenance.php(109): Illuminate/Pipeline/Pipeline->Illuminate/Pipeline/{closure}(Object(Illuminate/Http/Request))
#39 D:/KLTN_badminton_Laravel/KLTN_badminton/backend-laravel/vendor/laravel/framework/src/Illuminate/Pipeline/Pipeline.php(219): Illuminate/Foundation/Http/Middleware/PreventRequestsDuringMaintenance->handle(Object(Illuminate/Http/Request), Object(Closure))
#40 D:/KLTN_badminton_Laravel/KLTN_badminton/backend-laravel/vendor/laravel/framework/src/Illuminate/Http/Middleware/HandleCors.php(74): Illuminate/Pipeline/Pipeline->Illuminate/Pipeline/{closure}(Object(Illuminate/Http/Request))
#41 D:/KLTN_badminton_Laravel/KLTN_badminton/backend-laravel/vendor/laravel/framework/src/Illuminate/Pipeline/Pipeline.php(219): Illuminate/Http/Middleware/HandleCors->handle(Object(Illuminate/Http/Request), Object(Closure))
#42 D:/KLTN_badminton_Laravel/KLTN_badminton/backend-laravel/vendor/laravel/framework/src/Illuminate/Http/Middleware/TrustProxies.php(58): Illuminate/Pipeline/Pipeline->Illuminate/Pipeline/{closure}(Object(Illuminate/Http/Request))
#43 D:/KLTN_badminton_Laravel/KLTN_badminton/backend-laravel/vendor/laravel/framework/src/Illuminate/Pipeline/Pipeline.php(219): Illuminate/Http/Middleware/TrustProxies->handle(Object(Illuminate/Http/Request), Object(Closure))
#44 D:/KLTN_badminton_Laravel/KLTN_badminton/backend-laravel/vendor/laravel/framework/src/Illuminate/Foundation/Http/Middleware/InvokeDeferredCallbacks.php(22): Illuminate/Pipeline/Pipeline->Illuminate/Pipeline/{closure}(Object(Illuminate/Http/Request))
#45 D:/KLTN_badminton_Laravel/KLTN_badminton/backend-laravel/vendor/laravel/framework/src/Illuminate/Pipeline/Pipeline.php(219): Illuminate/Foundation/Http/Middleware/InvokeDeferredCallbacks->handle(Object(Illuminate/Http/Request), Object(Closure))
#46 D:/KLTN_badminton_Laravel/KLTN_badminton/backend-laravel/vendor/laravel/framework/src/Illuminate/Http/Middleware/ValidatePathEncoding.php(26): Illuminate/Pipeline/Pipeline->Illuminate/Pipeline/{closure}(Object(Illuminate/Http/Request))
#47 D:/KLTN_badminton_Laravel/KLTN_badminton/backend-laravel/vendor/laravel/framework/src/Illuminate/Pipeline/Pipeline.php(219): Illuminate/Http/Middleware/ValidatePathEncoding->handle(Object(Illuminate/Http/Request), Object(Closure))
#48 D:/KLTN_badminton_Laravel/KLTN_badminton/backend-laravel/vendor/laravel/framework/src/Illuminate/Pipeline/Pipeline.php(137): Illuminate/Pipeline/Pipeline->Illuminate/Pipeline/{closure}(Object(Illuminate/Http/Request))
#49 D:/KLTN_badminton_Laravel/KLTN_badminton/backend-laravel/vendor/laravel/framework/src/Illuminate/Foundation/Http/Kernel.php(175): Illuminate/Pipeline/Pipeline->then(Object(Closure))
#50 D:/KLTN_badminton_Laravel/KLTN_badminton/backend-laravel/vendor/laravel/framework/src/Illuminate/Foundation/Http/Kernel.php(144): Illuminate/Foundation/Http/Kernel->sendRequestThroughRouter(Object(Illuminate/Http/Request))
#51 D:/KLTN_badminton_Laravel/KLTN_badminton/backend-laravel/vendor/laravel/framework/src/Illuminate/Foundation/Application.php(1220): Illuminate/Foundation/Http/Kernel->handle(Object(Illuminate/Http/Request))
#52 D:/KLTN_badminton_Laravel/KLTN_badminton/backend-laravel/public/index.php(20): Illuminate/Foundation/Application->handleRequest(Object(Illuminate/Http/Request))
#53 D:/KLTN_badminton_Laravel/KLTN_badminton/backend-laravel/vendor/laravel/framework/src/Illuminate/Foundation/resources/server.php(23): require_once('D://KLTN_badmint...')
#54 {main}
"} 
[2026-09-04 14:20:52] local.ERROR: Failed to authenticate on SMTP server with username "sanminhtien@gmail.com" using the following authenticators: "LOGIN", "PLAIN", "XOAUTH2". Authenticator "LOGIN" returned "Expected response code "235" but got code "535", with message "535-5.7.8 Username and Password not accepted. For more information, go to
535 5.7.8  https://support.google.com/mail/?p=BadCredentials d9443c01a7336-2db1495b566sm10054045ad.14 - gsmtp".". Authenticator "PLAIN" returned "Expected response code "235" but got code "535", with message "535-5.7.8 Username and Password not accepted. For more information, go to
535 5.7.8  https://support.google.com/mail/?p=BadCredentials d9443c01a7336-2db1495b566sm10054045ad.14 - gsmtp".". Authenticator "XOAUTH2" returned "Expected response code "235" but got code "334", with message "334 eyJzdGF0dXMiOiI0MDAiLCJzY2hlbWVzIjoiQmVhcmVyIiwic2NvcGUiOiJodHRwczovL21haWwuZ29vZ2xlLmNvbS8ifQ==".". {"exception":"[object] (Symfony\\Component\\Mailer\\Exception\\TransportException(code: 334): Failed to authenticate on SMTP server with username \"sanminhtien@gmail.com\" using the following authenticators: \"LOGIN\", \"PLAIN\", \"XOAUTH2\". Authenticator \"LOGIN\" returned \"Expected response code \"235\" but got code \"535\", with message \"535-5.7.8 Username and Password not accepted. For more information, go to

535 5.7.8  https://support.google.com/mail/?p=BadCredentials d9443c01a7336-2db1495b566sm10054045ad.14 - gsmtp\".\". Authenticator \"PLAIN\" returned \"Expected response code \"235\" but got code \"535\", with message \"535-5.7.8 Username and Password not accepted. For more information, go to

535 5.7.8  https://support.google.com/mail/?p=BadCredentials d9443c01a7336-2db1495b566sm10054045ad.14 - gsmtp\".\". Authenticator \"XOAUTH2\" returned \"Expected response code \"235\" but got code \"334\", with message \"334 eyJzdGF0dXMiOiI0MDAiLCJzY2hlbWVzIjoiQmVhcmVyIiwic2NvcGUiOiJodHRwczovL21haWwuZ29vZ2xlLmNvbS8ifQ==\".\". at D:/KLTN_badminton_Laravel/KLTN_badminton/backend-laravel/vendor/symfony/mailer/Transport/Smtp/EsmtpTransport.php:269)
[stacktrace]
#0 D:/KLTN_badminton_Laravel/KLTN_badminton/backend-laravel/vendor/symfony/mailer/Transport/Smtp/EsmtpTransport.php(199): Symfony/Component/Mailer/Transport/Smtp/EsmtpTransport->handleAuth(Array)
#1 D:/KLTN_badminton_Laravel/KLTN_badminton/backend-laravel/vendor/symfony/mailer/Transport/Smtp/EsmtpTransport.php(150): Symfony/Component/Mailer/Transport/Smtp/EsmtpTransport->doEhloCommand()
#2 D:/KLTN_badminton_Laravel/KLTN_badminton/backend-laravel/vendor/symfony/mailer/Transport/Smtp/SmtpTransport.php(258): Symfony/Component/Mailer/Transport/Smtp/EsmtpTransport->executeCommand('HELO localhost/r...', Array)
#3 D:/KLTN_badminton_Laravel/KLTN_badminton/backend-laravel/vendor/symfony/mailer/Transport/Smtp/SmtpTransport.php(284): Symfony/Component/Mailer/Transport/Smtp/SmtpTransport->doHeloCommand()
#4 D:/KLTN_badminton_Laravel/KLTN_badminton/backend-laravel/vendor/symfony/mailer/Transport/Smtp/SmtpTransport.php(214): Symfony/Component/Mailer/Transport/Smtp/SmtpTransport->start()
#5 D:/KLTN_badminton_Laravel/KLTN_badminton/backend-laravel/vendor/symfony/mailer/Transport/AbstractTransport.php(69): Symfony/Component/Mailer/Transport/Smtp/SmtpTransport->doSend(Object(Symfony/Component/Mailer/SentMessage))
#6 D:/KLTN_badminton_Laravel/KLTN_badminton/backend-laravel/vendor/symfony/mailer/Transport/Smtp/SmtpTransport.php(142): Symfony/Component/Mailer/Transport/AbstractTransport->send(Object(Symfony/Component/Mime/Email), Object(Symfony/Component/Mailer/DelayedEnvelope))
#7 D:/KLTN_badminton_Laravel/KLTN_badminton/backend-laravel/vendor/laravel/framework/src/Illuminate/Mail/Mailer.php(584): Symfony/Component/Mailer/Transport/Smtp/SmtpTransport->send(Object(Symfony/Component/Mime/Email), Object(Symfony/Component/Mailer/DelayedEnvelope))
#8 D:/KLTN_badminton_Laravel/KLTN_badminton/backend-laravel/vendor/laravel/framework/src/Illuminate/Mail/Mailer.php(331): Illuminate/Mail/Mailer->sendSymfonyMessage(Object(Symfony/Component/Mime/Email))
#9 D:/KLTN_badminton_Laravel/KLTN_badminton/backend-laravel/vendor/laravel/framework/src/Illuminate/Mail/Mailer.php(223): Illuminate/Mail/Mailer->send(NULL, Array, Object(Closure))
#10 D:/KLTN_badminton_Laravel/KLTN_badminton/backend-laravel/vendor/laravel/framework/src/Illuminate/Mail/MailManager.php(623): Illuminate/Mail/Mailer->raw('Xin ch/xC3/xA0o Nguy/xE1...', Object(Closure))
#11 D:/KLTN_badminton_Laravel/KLTN_badminton/backend-laravel/vendor/laravel/framework/src/Illuminate/Support/Facades/Facade.php(363): Illuminate/Mail/MailManager->__call('raw', Array)
#12 D:/KLTN_badminton_Laravel/KLTN_badminton/backend-laravel/app/Http/Controllers/ForgotPasswordController.php(77): Illuminate/Support/Facades/Facade::__callStatic('raw', Array)
#13 D:/KLTN_badminton_Laravel/KLTN_badminton/backend-laravel/vendor/laravel/framework/src/Illuminate/Routing/ControllerDispatcher.php(46): App/Http/Controllers/ForgotPasswordController->sendOtp(Object(Illuminate/Http/Request))
#14 D:/KLTN_badminton_Laravel/KLTN_badminton/backend-laravel/vendor/laravel/framework/src/Illuminate/Routing/Route.php(265): Illuminate/Routing/ControllerDispatcher->dispatch(Object(Illuminate/Routing/Route), Object(App/Http/Controllers/ForgotPasswordController), 'sendOtp')
#15 D:/KLTN_badminton_Laravel/KLTN_badminton/backend-laravel/vendor/laravel/framework/src/Illuminate/Routing/Route.php(211): Illuminate/Routing/Route->runController()
#16 D:/KLTN_badminton_Laravel/KLTN_badminton/backend-laravel/vendor/laravel/framework/src/Illuminate/Routing/Router.php(822): Illuminate/Routing/Route->run()
#17 D:/KLTN_badminton_Laravel/KLTN_badminton/backend-laravel/vendor/laravel/framework/src/Illuminate/Pipeline/Pipeline.php(180): Illuminate/Routing/Router->Illuminate/Routing/{closure}(Object(Illuminate/Http/Request))
#18 D:/KLTN_badminton_Laravel/KLTN_badminton/backend-laravel/vendor/laravel/framework/src/Illuminate/Routing/Middleware/SubstituteBindings.php(50): Illuminate/Pipeline/Pipeline->Illuminate/Pipeline/{closure}(Object(Illuminate/Http/Request))
#19 D:/KLTN_badminton_Laravel/KLTN_badminton/backend-laravel/vendor/laravel/framework/src/Illuminate/Pipeline/Pipeline.php(219): Illuminate/Routing/Middleware/SubstituteBindings->handle(Object(Illuminate/Http/Request), Object(Closure))
#20 D:/KLTN_badminton_Laravel/KLTN_badminton/backend-laravel/vendor/laravel/framework/src/Illuminate/Routing/Middleware/ThrottleRequests.php(166): Illuminate/Pipeline/Pipeline->Illuminate/Pipeline/{closure}(Object(Illuminate/Http/Request))
#21 D:/KLTN_badminton_Laravel/KLTN_badminton/backend-laravel/vendor/laravel/framework/src/Illuminate/Routing/Middleware/ThrottleRequests.php(93): Illuminate/Routing/Middleware/ThrottleRequests->handleRequest(Object(Illuminate/Http/Request), Object(Closure), Array)
#22 D:/KLTN_badminton_Laravel/KLTN_badminton/backend-laravel/vendor/laravel/framework/src/Illuminate/Pipeline/Pipeline.php(219): Illuminate/Routing/Middleware/ThrottleRequests->handle(Object(Illuminate/Http/Request), Object(Closure), '5', '1')
#23 D:/KLTN_badminton_Laravel/KLTN_badminton/backend-laravel/vendor/laravel/framework/src/Illuminate/Pipeline/Pipeline.php(137): Illuminate/Pipeline/Pipeline->Illuminate/Pipeline/{closure}(Object(Illuminate/Http/Request))
#24 D:/KLTN_badminton_Laravel/KLTN_badminton/backend-laravel/vendor/laravel/framework/src/Illuminate/Routing/Router.php(821): Illuminate/Pipeline/Pipeline->then(Object(Closure))
#25 D:/KLTN_badminton_Laravel/KLTN_badminton/backend-laravel/vendor/laravel/framework/src/Illuminate/Routing/Router.php(800): Illuminate/Routing/Router->runRouteWithinStack(Object(Illuminate/Routing/Route), Object(Illuminate/Http/Request))
#26 D:/KLTN_badminton_Laravel/KLTN_badminton/backend-laravel/vendor/laravel/framework/src/Illuminate/Routing/Router.php(764): Illuminate/Routing/Router->runRoute(Object(Illuminate/Http/Request), Object(Illuminate/Routing/Route))
#27 D:/KLTN_badminton_Laravel/KLTN_badminton/backend-laravel/vendor/laravel/framework/src/Illuminate/Routing/Router.php(753): Illuminate/Routing/Router->dispatchToRoute(Object(Illuminate/Http/Request))
#28 D:/KLTN_badminton_Laravel/KLTN_badminton/backend-laravel/vendor/laravel/framework/src/Illuminate/Foundation/Http/Kernel.php(200): Illuminate/Routing/Router->dispatch(Object(Illuminate/Http/Request))
#29 D:/KLTN_badminton_Laravel/KLTN_badminton/backend-laravel/vendor/laravel/framework/src/Illuminate/Pipeline/Pipeline.php(180): Illuminate/Foundation/Http/Kernel->Illuminate/Foundation/Http/{closure}(Object(Illuminate/Http/Request))
#30 D:/KLTN_badminton_Laravel/KLTN_badminton/backend-laravel/vendor/laravel/framework/src/Illuminate/Foundation/Http/Middleware/TransformsRequest.php(21): Illuminate/Pipeline/Pipeline->Illuminate/Pipeline/{closure}(Object(Illuminate/Http/Request))
#31 D:/KLTN_badminton_Laravel/KLTN_badminton/backend-laravel/vendor/laravel/framework/src/Illuminate/Foundation/Http/Middleware/ConvertEmptyStringsToNull.php(31): Illuminate/Foundation/Http/Middleware/TransformsRequest->handle(Object(Illuminate/Http/Request), Object(Closure))
#32 D:/KLTN_badminton_Laravel/KLTN_badminton/backend-laravel/vendor/laravel/framework/src/Illuminate/Pipeline/Pipeline.php(219): Illuminate/Foundation/Http/Middleware/ConvertEmptyStringsToNull->handle(Object(Illuminate/Http/Request), Object(Closure))
#33 D:/KLTN_badminton_Laravel/KLTN_badminton/backend-laravel/vendor/laravel/framework/src/Illuminate/Foundation/Http/Middleware/TransformsRequest.php(21): Illuminate/Pipeline/Pipeline->Illuminate/Pipeline/{closure}(Object(Illuminate/Http/Request))
#34 D:/KLTN_badminton_Laravel/KLTN_badminton/backend-laravel/vendor/laravel/framework/src/Illuminate/Foundation/Http/Middleware/TrimStrings.php(51): Illuminate/Foundation/Http/Middleware/TransformsRequest->handle(Object(Illuminate/Http/Request), Object(Closure))
#35 D:/KLTN_badminton_Laravel/KLTN_badminton/backend-laravel/vendor/laravel/framework/src/Illuminate/Pipeline/Pipeline.php(219): Illuminate/Foundation/Http/Middleware/TrimStrings->handle(Object(Illuminate/Http/Request), Object(Closure))
#36 D:/KLTN_badminton_Laravel/KLTN_badminton/backend-laravel/vendor/laravel/framework/src/Illuminate/Http/Middleware/ValidatePostSize.php(27): Illuminate/Pipeline/Pipeline->Illuminate/Pipeline/{closure}(Object(Illuminate/Http/Request))
#37 D:/KLTN_badminton_Laravel/KLTN_badminton/backend-laravel/vendor/laravel/framework/src/Illuminate/Pipeline/Pipeline.php(219): Illuminate/Http/Middleware/ValidatePostSize->handle(Object(Illuminate/Http/Request), Object(Closure))
#38 D:/KLTN_badminton_Laravel/KLTN_badminton/backend-laravel/vendor/laravel/framework/src/Illuminate/Foundation/Http/Middleware/PreventRequestsDuringMaintenance.php(109): Illuminate/Pipeline/Pipeline->Illuminate/Pipeline/{closure}(Object(Illuminate/Http/Request))
#39 D:/KLTN_badminton_Laravel/KLTN_badminton/backend-laravel/vendor/laravel/framework/src/Illuminate/Pipeline/Pipeline.php(219): Illuminate/Foundation/Http/Middleware/PreventRequestsDuringMaintenance->handle(Object(Illuminate/Http/Request), Object(Closure))
#40 D:/KLTN_badminton_Laravel/KLTN_badminton/backend-laravel/vendor/laravel/framework/src/Illuminate/Http/Middleware/HandleCors.php(74): Illuminate/Pipeline/Pipeline->Illuminate/Pipeline/{closure}(Object(Illuminate/Http/Request))
#41 D:/KLTN_badminton_Laravel/KLTN_badminton/backend-laravel/vendor/laravel/framework/src/Illuminate/Pipeline/Pipeline.php(219): Illuminate/Http/Middleware/HandleCors->handle(Object(Illuminate/Http/Request), Object(Closure))
#42 D:/KLTN_badminton_Laravel/KLTN_badminton/backend-laravel/vendor/laravel/framework/src/Illuminate/Http/Middleware/TrustProxies.php(58): Illuminate/Pipeline/Pipeline->Illuminate/Pipeline/{closure}(Object(Illuminate/Http/Request))
#43 D:/KLTN_badminton_Laravel/KLTN_badminton/backend-laravel/vendor/laravel/framework/src/Illuminate/Pipeline/Pipeline.php(219): Illuminate/Http/Middleware/TrustProxies->handle(Object(Illuminate/Http/Request), Object(Closure))
#44 D:/KLTN_badminton_Laravel/KLTN_badminton/backend-laravel/vendor/laravel/framework/src/Illuminate/Foundation/Http/Middleware/InvokeDeferredCallbacks.php(22): Illuminate/Pipeline/Pipeline->Illuminate/Pipeline/{closure}(Object(Illuminate/Http/Request))
#45 D:/KLTN_badminton_Laravel/KLTN_badminton/backend-laravel/vendor/laravel/framework/src/Illuminate/Pipeline/Pipeline.php(219): Illuminate/Foundation/Http/Middleware/InvokeDeferredCallbacks->handle(Object(Illuminate/Http/Request), Object(Closure))
#46 D:/KLTN_badminton_Laravel/KLTN_badminton/backend-laravel/vendor/laravel/framework/src/Illuminate/Http/Middleware/ValidatePathEncoding.php(26): Illuminate/Pipeline/Pipeline->Illuminate/Pipeline/{closure}(Object(Illuminate/Http/Request))
#47 D:/KLTN_badminton_Laravel/KLTN_badminton/backend-laravel/vendor/laravel/framework/src/Illuminate/Pipeline/Pipeline.php(219): Illuminate/Http/Middleware/ValidatePathEncoding->handle(Object(Illuminate/Http/Request), Object(Closure))
#48 D:/KLTN_badminton_Laravel/KLTN_badminton/backend-laravel/vendor/laravel/framework/src/Illuminate/Pipeline/Pipeline.php(137): Illuminate/Pipeline/Pipeline->Illuminate/Pipeline/{closure}(Object(Illuminate/Http/Request))
#49 D:/KLTN_badminton_Laravel/KLTN_badminton/backend-laravel/vendor/laravel/framework/src/Illuminate/Foundation/Http/Kernel.php(175): Illuminate/Pipeline/Pipeline->then(Object(Closure))
#50 D:/KLTN_badminton_Laravel/KLTN_badminton/backend-laravel/vendor/laravel/framework/src/Illuminate/Foundation/Http/Kernel.php(144): Illuminate/Foundation/Http/Kernel->sendRequestThroughRouter(Object(Illuminate/Http/Request))
#51 D:/KLTN_badminton_Laravel/KLTN_badminton/backend-laravel/vendor/laravel/framework/src/Illuminate/Foundation/Application.php(1220): Illuminate/Foundation/Http/Kernel->handle(Object(Illuminate/Http/Request))
#52 D:/KLTN_badminton_Laravel/KLTN_badminton/backend-laravel/public/index.php(20): Illuminate/Foundation/Application->handleRequest(Object(Illuminate/Http/Request))
#53 D:/KLTN_badminton_Laravel/KLTN_badminton/backend-laravel/vendor/laravel/framework/src/Illuminate/Foundation/resources/server.php(23): require_once('D://KLTN_badmint...')
#54 {main}
"} 
[2026-09-04 14:21:29] local.ERROR: Failed to authenticate on SMTP server with username "sanminhtien@gmail.com" using the following authenticators: "LOGIN", "PLAIN", "XOAUTH2". Authenticator "LOGIN" returned "Expected response code "235" but got code "535", with message "535-5.7.8 Username and Password not accepted. For more information, go to
535 5.7.8  https://support.google.com/mail/?p=BadCredentials 98e67ed59e1d1-39b08d0d845sm11428391a91.17 - gsmtp".". Authenticator "PLAIN" returned "Expected response code "235" but got code "535", with message "535-5.7.8 Username and Password not accepted. For more information, go to
535 5.7.8  https://support.google.com/mail/?p=BadCredentials 98e67ed59e1d1-39b08d0d845sm11428391a91.17 - gsmtp".". Authenticator "XOAUTH2" returned "Expected response code "235" but got code "334", with message "334 eyJzdGF0dXMiOiI0MDAiLCJzY2hlbWVzIjoiQmVhcmVyIiwic2NvcGUiOiJodHRwczovL21haWwuZ29vZ2xlLmNvbS8ifQ==".". {"exception":"[object] (Symfony\\Component\\Mailer\\Exception\\TransportException(code: 334): Failed to authenticate on SMTP server with username \"sanminhtien@gmail.com\" using the following authenticators: \"LOGIN\", \"PLAIN\", \"XOAUTH2\". Authenticator \"LOGIN\" returned \"Expected response code \"235\" but got code \"535\", with message \"535-5.7.8 Username and Password not accepted. For more information, go to

535 5.7.8  https://support.google.com/mail/?p=BadCredentials 98e67ed59e1d1-39b08d0d845sm11428391a91.17 - gsmtp\".\". Authenticator \"PLAIN\" returned \"Expected response code \"235\" but got code \"535\", with message \"535-5.7.8 Username and Password not accepted. For more information, go to

535 5.7.8  https://support.google.com/mail/?p=BadCredentials 98e67ed59e1d1-39b08d0d845sm11428391a91.17 - gsmtp\".\". Authenticator \"XOAUTH2\" returned \"Expected response code \"235\" but got code \"334\", with message \"334 eyJzdGF0dXMiOiI0MDAiLCJzY2hlbWVzIjoiQmVhcmVyIiwic2NvcGUiOiJodHRwczovL21haWwuZ29vZ2xlLmNvbS8ifQ==\".\". at D:/KLTN_badminton_Laravel/KLTN_badminton/backend-laravel/vendor/symfony/mailer/Transport/Smtp/EsmtpTransport.php:269)
[stacktrace]
#0 D:/KLTN_badminton_Laravel/KLTN_badminton/backend-laravel/vendor/symfony/mailer/Transport/Smtp/EsmtpTransport.php(199): Symfony/Component/Mailer/Transport/Smtp/EsmtpTransport->handleAuth(Array)
#1 D:/KLTN_badminton_Laravel/KLTN_badminton/backend-laravel/vendor/symfony/mailer/Transport/Smtp/EsmtpTransport.php(150): Symfony/Component/Mailer/Transport/Smtp/EsmtpTransport->doEhloCommand()
#2 D:/KLTN_badminton_Laravel/KLTN_badminton/backend-laravel/vendor/symfony/mailer/Transport/Smtp/SmtpTransport.php(258): Symfony/Component/Mailer/Transport/Smtp/EsmtpTransport->executeCommand('HELO localhost/r...', Array)
#3 D:/KLTN_badminton_Laravel/KLTN_badminton/backend-laravel/vendor/symfony/mailer/Transport/Smtp/SmtpTransport.php(284): Symfony/Component/Mailer/Transport/Smtp/SmtpTransport->doHeloCommand()
#4 D:/KLTN_badminton_Laravel/KLTN_badminton/backend-laravel/vendor/symfony/mailer/Transport/Smtp/SmtpTransport.php(214): Symfony/Component/Mailer/Transport/Smtp/SmtpTransport->start()
#5 D:/KLTN_badminton_Laravel/KLTN_badminton/backend-laravel/vendor/symfony/mailer/Transport/AbstractTransport.php(69): Symfony/Component/Mailer/Transport/Smtp/SmtpTransport->doSend(Object(Symfony/Component/Mailer/SentMessage))
#6 D:/KLTN_badminton_Laravel/KLTN_badminton/backend-laravel/vendor/symfony/mailer/Transport/Smtp/SmtpTransport.php(142): Symfony/Component/Mailer/Transport/AbstractTransport->send(Object(Symfony/Component/Mime/Email), Object(Symfony/Component/Mailer/DelayedEnvelope))
#7 D:/KLTN_badminton_Laravel/KLTN_badminton/backend-laravel/vendor/laravel/framework/src/Illuminate/Mail/Mailer.php(584): Symfony/Component/Mailer/Transport/Smtp/SmtpTransport->send(Object(Symfony/Component/Mime/Email), Object(Symfony/Component/Mailer/DelayedEnvelope))
#8 D:/KLTN_badminton_Laravel/KLTN_badminton/backend-laravel/vendor/laravel/framework/src/Illuminate/Mail/Mailer.php(331): Illuminate/Mail/Mailer->sendSymfonyMessage(Object(Symfony/Component/Mime/Email))
#9 D:/KLTN_badminton_Laravel/KLTN_badminton/backend-laravel/vendor/laravel/framework/src/Illuminate/Mail/Mailer.php(223): Illuminate/Mail/Mailer->send(NULL, Array, Object(Closure))
#10 D:/KLTN_badminton_Laravel/KLTN_badminton/backend-laravel/vendor/laravel/framework/src/Illuminate/Mail/MailManager.php(623): Illuminate/Mail/Mailer->raw('Xin ch/xC3/xA0o Nguy/xE1...', Object(Closure))
#11 D:/KLTN_badminton_Laravel/KLTN_badminton/backend-laravel/vendor/laravel/framework/src/Illuminate/Support/Facades/Facade.php(363): Illuminate/Mail/MailManager->__call('raw', Array)
#12 D:/KLTN_badminton_Laravel/KLTN_badminton/backend-laravel/app/Http/Controllers/ForgotPasswordController.php(77): Illuminate/Support/Facades/Facade::__callStatic('raw', Array)
#13 D:/KLTN_badminton_Laravel/KLTN_badminton/backend-laravel/vendor/laravel/framework/src/Illuminate/Routing/ControllerDispatcher.php(46): App/Http/Controllers/ForgotPasswordController->sendOtp(Object(Illuminate/Http/Request))
#14 D:/KLTN_badminton_Laravel/KLTN_badminton/backend-laravel/vendor/laravel/framework/src/Illuminate/Routing/Route.php(265): Illuminate/Routing/ControllerDispatcher->dispatch(Object(Illuminate/Routing/Route), Object(App/Http/Controllers/ForgotPasswordController), 'sendOtp')
#15 D:/KLTN_badminton_Laravel/KLTN_badminton/backend-laravel/vendor/laravel/framework/src/Illuminate/Routing/Route.php(211): Illuminate/Routing/Route->runController()
#16 D:/KLTN_badminton_Laravel/KLTN_badminton/backend-laravel/vendor/laravel/framework/src/Illuminate/Routing/Router.php(822): Illuminate/Routing/Route->run()
#17 D:/KLTN_badminton_Laravel/KLTN_badminton/backend-laravel/vendor/laravel/framework/src/Illuminate/Pipeline/Pipeline.php(180): Illuminate/Routing/Router->Illuminate/Routing/{closure}(Object(Illuminate/Http/Request))
#18 D:/KLTN_badminton_Laravel/KLTN_badminton/backend-laravel/vendor/laravel/framework/src/Illuminate/Routing/Middleware/SubstituteBindings.php(50): Illuminate/Pipeline/Pipeline->Illuminate/Pipeline/{closure}(Object(Illuminate/Http/Request))
#19 D:/KLTN_badminton_Laravel/KLTN_badminton/backend-laravel/vendor/laravel/framework/src/Illuminate/Pipeline/Pipeline.php(219): Illuminate/Routing/Middleware/SubstituteBindings->handle(Object(Illuminate/Http/Request), Object(Closure))
#20 D:/KLTN_badminton_Laravel/KLTN_badminton/backend-laravel/vendor/laravel/framework/src/Illuminate/Routing/Middleware/ThrottleRequests.php(166): Illuminate/Pipeline/Pipeline->Illuminate/Pipeline/{closure}(Object(Illuminate/Http/Request))
#21 D:/KLTN_badminton_Laravel/KLTN_badminton/backend-laravel/vendor/laravel/framework/src/Illuminate/Routing/Middleware/ThrottleRequests.php(93): Illuminate/Routing/Middleware/ThrottleRequests->handleRequest(Object(Illuminate/Http/Request), Object(Closure), Array)
#22 D:/KLTN_badminton_Laravel/KLTN_badminton/backend-laravel/vendor/laravel/framework/src/Illuminate/Pipeline/Pipeline.php(219): Illuminate/Routing/Middleware/ThrottleRequests->handle(Object(Illuminate/Http/Request), Object(Closure), '5', '1')
#23 D:/KLTN_badminton_Laravel/KLTN_badminton/backend-laravel/vendor/laravel/framework/src/Illuminate/Pipeline/Pipeline.php(137): Illuminate/Pipeline/Pipeline->Illuminate/Pipeline/{closure}(Object(Illuminate/Http/Request))
#24 D:/KLTN_badminton_Laravel/KLTN_badminton/backend-laravel/vendor/laravel/framework/src/Illuminate/Routing/Router.php(821): Illuminate/Pipeline/Pipeline->then(Object(Closure))
#25 D:/KLTN_badminton_Laravel/KLTN_badminton/backend-laravel/vendor/laravel/framework/src/Illuminate/Routing/Router.php(800): Illuminate/Routing/Router->runRouteWithinStack(Object(Illuminate/Routing/Route), Object(Illuminate/Http/Request))
#26 D:/KLTN_badminton_Laravel/KLTN_badminton/backend-laravel/vendor/laravel/framework/src/Illuminate/Routing/Router.php(764): Illuminate/Routing/Router->runRoute(Object(Illuminate/Http/Request), Object(Illuminate/Routing/Route))
#27 D:/KLTN_badminton_Laravel/KLTN_badminton/backend-laravel/vendor/laravel/framework/src/Illuminate/Routing/Router.php(753): Illuminate/Routing/Router->dispatchToRoute(Object(Illuminate/Http/Request))
#28 D:/KLTN_badminton_Laravel/KLTN_badminton/backend-laravel/vendor/laravel/framework/src/Illuminate/Foundation/Http/Kernel.php(200): Illuminate/Routing/Router->dispatch(Object(Illuminate/Http/Request))
#29 D:/KLTN_badminton_Laravel/KLTN_badminton/backend-laravel/vendor/laravel/framework/src/Illuminate/Pipeline/Pipeline.php(180): Illuminate/Foundation/Http/Kernel->Illuminate/Foundation/Http/{closure}(Object(Illuminate/Http/Request))
#30 D:/KLTN_badminton_Laravel/KLTN_badminton/backend-laravel/vendor/laravel/framework/src/Illuminate/Foundation/Http/Middleware/TransformsRequest.php(21): Illuminate/Pipeline/Pipeline->Illuminate/Pipeline/{closure}(Object(Illuminate/Http/Request))
#31 D:/KLTN_badminton_Laravel/KLTN_badminton/backend-laravel/vendor/laravel/framework/src/Illuminate/Foundation/Http/Middleware/ConvertEmptyStringsToNull.php(31): Illuminate/Foundation/Http/Middleware/TransformsRequest->handle(Object(Illuminate/Http/Request), Object(Closure))
#32 D:/KLTN_badminton_Laravel/KLTN_badminton/backend-laravel/vendor/laravel/framework/src/Illuminate/Pipeline/Pipeline.php(219): Illuminate/Foundation/Http/Middleware/ConvertEmptyStringsToNull->handle(Object(Illuminate/Http/Request), Object(Closure))
#33 D:/KLTN_badminton_Laravel/KLTN_badminton/backend-laravel/vendor/laravel/framework/src/Illuminate/Foundation/Http/Middleware/TransformsRequest.php(21): Illuminate/Pipeline/Pipeline->Illuminate/Pipeline/{closure}(Object(Illuminate/Http/Request))
#34 D:/KLTN_badminton_Laravel/KLTN_badminton/backend-laravel/vendor/laravel/framework/src/Illuminate/Foundation/Http/Middleware/TrimStrings.php(51): Illuminate/Foundation/Http/Middleware/TransformsRequest->handle(Object(Illuminate/Http/Request), Object(Closure))
#35 D:/KLTN_badminton_Laravel/KLTN_badminton/backend-laravel/vendor/laravel/framework/src/Illuminate/Pipeline/Pipeline.php(219): Illuminate/Foundation/Http/Middleware/TrimStrings->handle(Object(Illuminate/Http/Request), Object(Closure))
#36 D:/KLTN_badminton_Laravel/KLTN_badminton/backend-laravel/vendor/laravel/framework/src/Illuminate/Http/Middleware/ValidatePostSize.php(27): Illuminate/Pipeline/Pipeline->Illuminate/Pipeline/{closure}(Object(Illuminate/Http/Request))
#37 D:/KLTN_badminton_Laravel/KLTN_badminton/backend-laravel/vendor/laravel/framework/src/Illuminate/Pipeline/Pipeline.php(219): Illuminate/Http/Middleware/ValidatePostSize->handle(Object(Illuminate/Http/Request), Object(Closure))
#38 D:/KLTN_badminton_Laravel/KLTN_badminton/backend-laravel/vendor/laravel/framework/src/Illuminate/Foundation/Http/Middleware/PreventRequestsDuringMaintenance.php(109): Illuminate/Pipeline/Pipeline->Illuminate/Pipeline/{closure}(Object(Illuminate/Http/Request))
#39 D:/KLTN_badminton_Laravel/KLTN_badminton/backend-laravel/vendor/laravel/framework/src/Illuminate/Pipeline/Pipeline.php(219): Illuminate/Foundation/Http/Middleware/PreventRequestsDuringMaintenance->handle(Object(Illuminate/Http/Request), Object(Closure))
#40 D:/KLTN_badminton_Laravel/KLTN_badminton/backend-laravel/vendor/laravel/framework/src/Illuminate/Http/Middleware/HandleCors.php(74): Illuminate/Pipeline/Pipeline->Illuminate/Pipeline/{closure}(Object(Illuminate/Http/Request))
#41 D:/KLTN_badminton_Laravel/KLTN_badminton/backend-laravel/vendor/laravel/framework/src/Illuminate/Pipeline/Pipeline.php(219): Illuminate/Http/Middleware/HandleCors->handle(Object(Illuminate/Http/Request), Object(Closure))
#42 D:/KLTN_badminton_Laravel/KLTN_badminton/backend-laravel/vendor/laravel/framework/src/Illuminate/Http/Middleware/TrustProxies.php(58): Illuminate/Pipeline/Pipeline->Illuminate/Pipeline/{closure}(Object(Illuminate/Http/Request))
#43 D:/KLTN_badminton_Laravel/KLTN_badminton/backend-laravel/vendor/laravel/framework/src/Illuminate/Pipeline/Pipeline.php(219): Illuminate/Http/Middleware/TrustProxies->handle(Object(Illuminate/Http/Request), Object(Closure))
#44 D:/KLTN_badminton_Laravel/KLTN_badminton/backend-laravel/vendor/laravel/framework/src/Illuminate/Foundation/Http/Middleware/InvokeDeferredCallbacks.php(22): Illuminate/Pipeline/Pipeline->Illuminate/Pipeline/{closure}(Object(Illuminate/Http/Request))
#45 D:/KLTN_badminton_Laravel/KLTN_badminton/backend-laravel/vendor/laravel/framework/src/Illuminate/Pipeline/Pipeline.php(219): Illuminate/Foundation/Http/Middleware/InvokeDeferredCallbacks->handle(Object(Illuminate/Http/Request), Object(Closure))
#46 D:/KLTN_badminton_Laravel/KLTN_badminton/backend-laravel/vendor/laravel/framework/src/Illuminate/Http/Middleware/ValidatePathEncoding.php(26): Illuminate/Pipeline/Pipeline->Illuminate/Pipeline/{closure}(Object(Illuminate/Http/Request))
#47 D:/KLTN_badminton_Laravel/KLTN_badminton/backend-laravel/vendor/laravel/framework/src/Illuminate/Pipeline/Pipeline.php(219): Illuminate/Http/Middleware/ValidatePathEncoding->handle(Object(Illuminate/Http/Request), Object(Closure))
#48 D:/KLTN_badminton_Laravel/KLTN_badminton/backend-laravel/vendor/laravel/framework/src/Illuminate/Pipeline/Pipeline.php(137): Illuminate/Pipeline/Pipeline->Illuminate/Pipeline/{closure}(Object(Illuminate/Http/Request))
#49 D:/KLTN_badminton_Laravel/KLTN_badminton/backend-laravel/vendor/laravel/framework/src/Illuminate/Foundation/Http/Kernel.php(175): Illuminate/Pipeline/Pipeline->then(Object(Closure))
#50 D:/KLTN_badminton_Laravel/KLTN_badminton/backend-laravel/vendor/laravel/framework/src/Illuminate/Foundation/Http/Kernel.php(144): Illuminate/Foundation/Http/Kernel->sendRequestThroughRouter(Object(Illuminate/Http/Request))
#51 D:/KLTN_badminton_Laravel/KLTN_badminton/backend-laravel/vendor/laravel/framework/src/Illuminate/Foundation/Application.php(1220): Illuminate/Foundation/Http/Kernel->handle(Object(Illuminate/Http/Request))
#52 D:/KLTN_badminton_Laravel/KLTN_badminton/backend-laravel/public/index.php(20): Illuminate/Foundation/Application->handleRequest(Object(Illuminate/Http/Request))
#53 D:/KLTN_badminton_Laravel/KLTN_badminton/backend-laravel/vendor/laravel/framework/src/Illuminate/Foundation/resources/server.php(23): require_once('D://KLTN_badmint...')
#54 {main}
"} 
[2026-09-04 14:24:38] local.ERROR: Failed to authenticate on SMTP server with username "sanminhtien@gmail.com" using the following authenticators: "LOGIN", "PLAIN", "XOAUTH2". Authenticator "LOGIN" returned "Expected response code "235" but got code "535", with message "535-5.7.8 Username and Password not accepted. For more information, go to
535 5.7.8  https://support.google.com/mail/?p=BadCredentials d9443c01a7336-2db14aeb16fsm10055315ad.83 - gsmtp".". Authenticator "PLAIN" returned "Expected response code "235" but got code "535", with message "535-5.7.8 Username and Password not accepted. For more information, go to
535 5.7.8  https://support.google.com/mail/?p=BadCredentials d9443c01a7336-2db14aeb16fsm10055315ad.83 - gsmtp".". Authenticator "XOAUTH2" returned "Expected response code "235" but got code "334", with message "334 eyJzdGF0dXMiOiI0MDAiLCJzY2hlbWVzIjoiQmVhcmVyIiwic2NvcGUiOiJodHRwczovL21haWwuZ29vZ2xlLmNvbS8ifQ==".". {"exception":"[object] (Symfony\\Component\\Mailer\\Exception\\TransportException(code: 334): Failed to authenticate on SMTP server with username \"sanminhtien@gmail.com\" using the following authenticators: \"LOGIN\", \"PLAIN\", \"XOAUTH2\". Authenticator \"LOGIN\" returned \"Expected response code \"235\" but got code \"535\", with message \"535-5.7.8 Username and Password not accepted. For more information, go to

535 5.7.8  https://support.google.com/mail/?p=BadCredentials d9443c01a7336-2db14aeb16fsm10055315ad.83 - gsmtp\".\". Authenticator \"PLAIN\" returned \"Expected response code \"235\" but got code \"535\", with message \"535-5.7.8 Username and Password not accepted. For more information, go to

535 5.7.8  https://support.google.com/mail/?p=BadCredentials d9443c01a7336-2db14aeb16fsm10055315ad.83 - gsmtp\".\". Authenticator \"XOAUTH2\" returned \"Expected response code \"235\" but got code \"334\", with message \"334 eyJzdGF0dXMiOiI0MDAiLCJzY2hlbWVzIjoiQmVhcmVyIiwic2NvcGUiOiJodHRwczovL21haWwuZ29vZ2xlLmNvbS8ifQ==\".\". at D:/KLTN_badminton_Laravel/KLTN_badminton/backend-laravel/vendor/symfony/mailer/Transport/Smtp/EsmtpTransport.php:269)
[stacktrace]
#0 D:/KLTN_badminton_Laravel/KLTN_badminton/backend-laravel/vendor/symfony/mailer/Transport/Smtp/EsmtpTransport.php(199): Symfony/Component/Mailer/Transport/Smtp/EsmtpTransport->handleAuth(Array)
#1 D:/KLTN_badminton_Laravel/KLTN_badminton/backend-laravel/vendor/symfony/mailer/Transport/Smtp/EsmtpTransport.php(150): Symfony/Component/Mailer/Transport/Smtp/EsmtpTransport->doEhloCommand()
#2 D:/KLTN_badminton_Laravel/KLTN_badminton/backend-laravel/vendor/symfony/mailer/Transport/Smtp/SmtpTransport.php(258): Symfony/Component/Mailer/Transport/Smtp/EsmtpTransport->executeCommand('HELO localhost/r...', Array)
#3 D:/KLTN_badminton_Laravel/KLTN_badminton/backend-laravel/vendor/symfony/mailer/Transport/Smtp/SmtpTransport.php(284): Symfony/Component/Mailer/Transport/Smtp/SmtpTransport->doHeloCommand()
#4 D:/KLTN_badminton_Laravel/KLTN_badminton/backend-laravel/vendor/symfony/mailer/Transport/Smtp/SmtpTransport.php(214): Symfony/Component/Mailer/Transport/Smtp/SmtpTransport->start()
#5 D:/KLTN_badminton_Laravel/KLTN_badminton/backend-laravel/vendor/symfony/mailer/Transport/AbstractTransport.php(69): Symfony/Component/Mailer/Transport/Smtp/SmtpTransport->doSend(Object(Symfony/Component/Mailer/SentMessage))
#6 D:/KLTN_badminton_Laravel/KLTN_badminton/backend-laravel/vendor/symfony/mailer/Transport/Smtp/SmtpTransport.php(142): Symfony/Component/Mailer/Transport/AbstractTransport->send(Object(Symfony/Component/Mime/Email), Object(Symfony/Component/Mailer/DelayedEnvelope))
#7 D:/KLTN_badminton_Laravel/KLTN_badminton/backend-laravel/vendor/laravel/framework/src/Illuminate/Mail/Mailer.php(584): Symfony/Component/Mailer/Transport/Smtp/SmtpTransport->send(Object(Symfony/Component/Mime/Email), Object(Symfony/Component/Mailer/DelayedEnvelope))
#8 D:/KLTN_badminton_Laravel/KLTN_badminton/backend-laravel/vendor/laravel/framework/src/Illuminate/Mail/Mailer.php(331): Illuminate/Mail/Mailer->sendSymfonyMessage(Object(Symfony/Component/Mime/Email))
#9 D:/KLTN_badminton_Laravel/KLTN_badminton/backend-laravel/vendor/laravel/framework/src/Illuminate/Mail/Mailer.php(223): Illuminate/Mail/Mailer->send(NULL, Array, Object(Closure))
#10 D:/KLTN_badminton_Laravel/KLTN_badminton/backend-laravel/vendor/laravel/framework/src/Illuminate/Mail/MailManager.php(623): Illuminate/Mail/Mailer->raw('Xin ch/xC3/xA0o Nguy/xE1...', Object(Closure))
#11 D:/KLTN_badminton_Laravel/KLTN_badminton/backend-laravel/vendor/laravel/framework/src/Illuminate/Support/Facades/Facade.php(363): Illuminate/Mail/MailManager->__call('raw', Array)
#12 D:/KLTN_badminton_Laravel/KLTN_badminton/backend-laravel/app/Http/Controllers/ForgotPasswordController.php(77): Illuminate/Support/Facades/Facade::__callStatic('raw', Array)
#13 D:/KLTN_badminton_Laravel/KLTN_badminton/backend-laravel/vendor/laravel/framework/src/Illuminate/Routing/ControllerDispatcher.php(46): App/Http/Controllers/ForgotPasswordController->sendOtp(Object(Illuminate/Http/Request))
#14 D:/KLTN_badminton_Laravel/KLTN_badminton/backend-laravel/vendor/laravel/framework/src/Illuminate/Routing/Route.php(265): Illuminate/Routing/ControllerDispatcher->dispatch(Object(Illuminate/Routing/Route), Object(App/Http/Controllers/ForgotPasswordController), 'sendOtp')
#15 D:/KLTN_badminton_Laravel/KLTN_badminton/backend-laravel/vendor/laravel/framework/src/Illuminate/Routing/Route.php(211): Illuminate/Routing/Route->runController()
#16 D:/KLTN_badminton_Laravel/KLTN_badminton/backend-laravel/vendor/laravel/framework/src/Illuminate/Routing/Router.php(822): Illuminate/Routing/Route->run()
#17 D:/KLTN_badminton_Laravel/KLTN_badminton/backend-laravel/vendor/laravel/framework/src/Illuminate/Pipeline/Pipeline.php(180): Illuminate/Routing/Router->Illuminate/Routing/{closure}(Object(Illuminate/Http/Request))
#18 D:/KLTN_badminton_Laravel/KLTN_badminton/backend-laravel/vendor/laravel/framework/src/Illuminate/Routing/Middleware/SubstituteBindings.php(50): Illuminate/Pipeline/Pipeline->Illuminate/Pipeline/{closure}(Object(Illuminate/Http/Request))
#19 D:/KLTN_badminton_Laravel/KLTN_badminton/backend-laravel/vendor/laravel/framework/src/Illuminate/Pipeline/Pipeline.php(219): Illuminate/Routing/Middleware/SubstituteBindings->handle(Object(Illuminate/Http/Request), Object(Closure))
#20 D:/KLTN_badminton_Laravel/KLTN_badminton/backend-laravel/vendor/laravel/framework/src/Illuminate/Routing/Middleware/ThrottleRequests.php(166): Illuminate/Pipeline/Pipeline->Illuminate/Pipeline/{closure}(Object(Illuminate/Http/Request))
#21 D:/KLTN_badminton_Laravel/KLTN_badminton/backend-laravel/vendor/laravel/framework/src/Illuminate/Routing/Middleware/ThrottleRequests.php(93): Illuminate/Routing/Middleware/ThrottleRequests->handleRequest(Object(Illuminate/Http/Request), Object(Closure), Array)
#22 D:/KLTN_badminton_Laravel/KLTN_badminton/backend-laravel/vendor/laravel/framework/src/Illuminate/Pipeline/Pipeline.php(219): Illuminate/Routing/Middleware/ThrottleRequests->handle(Object(Illuminate/Http/Request), Object(Closure), '5', '1')
#23 D:/KLTN_badminton_Laravel/KLTN_badminton/backend-laravel/vendor/laravel/framework/src/Illuminate/Pipeline/Pipeline.php(137): Illuminate/Pipeline/Pipeline->Illuminate/Pipeline/{closure}(Object(Illuminate/Http/Request))
#24 D:/KLTN_badminton_Laravel/KLTN_badminton/backend-laravel/vendor/laravel/framework/src/Illuminate/Routing/Router.php(821): Illuminate/Pipeline/Pipeline->then(Object(Closure))
#25 D:/KLTN_badminton_Laravel/KLTN_badminton/backend-laravel/vendor/laravel/framework/src/Illuminate/Routing/Router.php(800): Illuminate/Routing/Router->runRouteWithinStack(Object(Illuminate/Routing/Route), Object(Illuminate/Http/Request))
#26 D:/KLTN_badminton_Laravel/KLTN_badminton/backend-laravel/vendor/laravel/framework/src/Illuminate/Routing/Router.php(764): Illuminate/Routing/Router->runRoute(Object(Illuminate/Http/Request), Object(Illuminate/Routing/Route))
#27 D:/KLTN_badminton_Laravel/KLTN_badminton/backend-laravel/vendor/laravel/framework/src/Illuminate/Routing/Router.php(753): Illuminate/Routing/Router->dispatchToRoute(Object(Illuminate/Http/Request))
#28 D:/KLTN_badminton_Laravel/KLTN_badminton/backend-laravel/vendor/laravel/framework/src/Illuminate/Foundation/Http/Kernel.php(200): Illuminate/Routing/Router->dispatch(Object(Illuminate/Http/Request))
#29 D:/KLTN_badminton_Laravel/KLTN_badminton/backend-laravel/vendor/laravel/framework/src/Illuminate/Pipeline/Pipeline.php(180): Illuminate/Foundation/Http/Kernel->Illuminate/Foundation/Http/{closure}(Object(Illuminate/Http/Request))
#30 D:/KLTN_badminton_Laravel/KLTN_badminton/backend-laravel/vendor/laravel/framework/src/Illuminate/Foundation/Http/Middleware/TransformsRequest.php(21): Illuminate/Pipeline/Pipeline->Illuminate/Pipeline/{closure}(Object(Illuminate/Http/Request))
#31 D:/KLTN_badminton_Laravel/KLTN_badminton/backend-laravel/vendor/laravel/framework/src/Illuminate/Foundation/Http/Middleware/ConvertEmptyStringsToNull.php(31): Illuminate/Foundation/Http/Middleware/TransformsRequest->handle(Object(Illuminate/Http/Request), Object(Closure))
#32 D:/KLTN_badminton_Laravel/KLTN_badminton/backend-laravel/vendor/laravel/framework/src/Illuminate/Pipeline/Pipeline.php(219): Illuminate/Foundation/Http/Middleware/ConvertEmptyStringsToNull->handle(Object(Illuminate/Http/Request), Object(Closure))
#33 D:/KLTN_badminton_Laravel/KLTN_badminton/backend-laravel/vendor/laravel/framework/src/Illuminate/Foundation/Http/Middleware/TransformsRequest.php(21): Illuminate/Pipeline/Pipeline->Illuminate/Pipeline/{closure}(Object(Illuminate/Http/Request))
#34 D:/KLTN_badminton_Laravel/KLTN_badminton/backend-laravel/vendor/laravel/framework/src/Illuminate/Foundation/Http/Middleware/TrimStrings.php(51): Illuminate/Foundation/Http/Middleware/TransformsRequest->handle(Object(Illuminate/Http/Request), Object(Closure))
#35 D:/KLTN_badminton_Laravel/KLTN_badminton/backend-laravel/vendor/laravel/framework/src/Illuminate/Pipeline/Pipeline.php(219): Illuminate/Foundation/Http/Middleware/TrimStrings->handle(Object(Illuminate/Http/Request), Object(Closure))
#36 D:/KLTN_badminton_Laravel/KLTN_badminton/backend-laravel/vendor/laravel/framework/src/Illuminate/Http/Middleware/ValidatePostSize.php(27): Illuminate/Pipeline/Pipeline->Illuminate/Pipeline/{closure}(Object(Illuminate/Http/Request))
#37 D:/KLTN_badminton_Laravel/KLTN_badminton/backend-laravel/vendor/laravel/framework/src/Illuminate/Pipeline/Pipeline.php(219): Illuminate/Http/Middleware/ValidatePostSize->handle(Object(Illuminate/Http/Request), Object(Closure))
#38 D:/KLTN_badminton_Laravel/KLTN_badminton/backend-laravel/vendor/laravel/framework/src/Illuminate/Foundation/Http/Middleware/PreventRequestsDuringMaintenance.php(109): Illuminate/Pipeline/Pipeline->Illuminate/Pipeline/{closure}(Object(Illuminate/Http/Request))
#39 D:/KLTN_badminton_Laravel/KLTN_badminton/backend-laravel/vendor/laravel/framework/src/Illuminate/Pipeline/Pipeline.php(219): Illuminate/Foundation/Http/Middleware/PreventRequestsDuringMaintenance->handle(Object(Illuminate/Http/Request), Object(Closure))
#40 D:/KLTN_badminton_Laravel/KLTN_badminton/backend-laravel/vendor/laravel/framework/src/Illuminate/Http/Middleware/HandleCors.php(74): Illuminate/Pipeline/Pipeline->Illuminate/Pipeline/{closure}(Object(Illuminate/Http/Request))
#41 D:/KLTN_badminton_Laravel/KLTN_badminton/backend-laravel/vendor/laravel/framework/src/Illuminate/Pipeline/Pipeline.php(219): Illuminate/Http/Middleware/HandleCors->handle(Object(Illuminate/Http/Request), Object(Closure))
#42 D:/KLTN_badminton_Laravel/KLTN_badminton/backend-laravel/vendor/laravel/framework/src/Illuminate/Http/Middleware/TrustProxies.php(58): Illuminate/Pipeline/Pipeline->Illuminate/Pipeline/{closure}(Object(Illuminate/Http/Request))
#43 D:/KLTN_badminton_Laravel/KLTN_badminton/backend-laravel/vendor/laravel/framework/src/Illuminate/Pipeline/Pipeline.php(219): Illuminate/Http/Middleware/TrustProxies->handle(Object(Illuminate/Http/Request), Object(Closure))
#44 D:/KLTN_badminton_Laravel/KLTN_badminton/backend-laravel/vendor/laravel/framework/src/Illuminate/Foundation/Http/Middleware/InvokeDeferredCallbacks.php(22): Illuminate/Pipeline/Pipeline->Illuminate/Pipeline/{closure}(Object(Illuminate/Http/Request))
#45 D:/KLTN_badminton_Laravel/KLTN_badminton/backend-laravel/vendor/laravel/framework/src/Illuminate/Pipeline/Pipeline.php(219): Illuminate/Foundation/Http/Middleware/InvokeDeferredCallbacks->handle(Object(Illuminate/Http/Request), Object(Closure))
#46 D:/KLTN_badminton_Laravel/KLTN_badminton/backend-laravel/vendor/laravel/framework/src/Illuminate/Http/Middleware/ValidatePathEncoding.php(26): Illuminate/Pipeline/Pipeline->Illuminate/Pipeline/{closure}(Object(Illuminate/Http/Request))
#47 D:/KLTN_badminton_Laravel/KLTN_badminton/backend-laravel/vendor/laravel/framework/src/Illuminate/Pipeline/Pipeline.php(219): Illuminate/Http/Middleware/ValidatePathEncoding->handle(Object(Illuminate/Http/Request), Object(Closure))
#48 D:/KLTN_badminton_Laravel/KLTN_badminton/backend-laravel/vendor/laravel/framework/src/Illuminate/Pipeline/Pipeline.php(137): Illuminate/Pipeline/Pipeline->Illuminate/Pipeline/{closure}(Object(Illuminate/Http/Request))
#49 D:/KLTN_badminton_Laravel/KLTN_badminton/backend-laravel/vendor/laravel/framework/src/Illuminate/Foundation/Http/Kernel.php(175): Illuminate/Pipeline/Pipeline->then(Object(Closure))
#50 D:/KLTN_badminton_Laravel/KLTN_badminton/backend-laravel/vendor/laravel/framework/src/Illuminate/Foundation/Http/Kernel.php(144): Illuminate/Foundation/Http/Kernel->sendRequestThroughRouter(Object(Illuminate/Http/Request))
#51 D:/KLTN_badminton_Laravel/KLTN_badminton/backend-laravel/vendor/laravel/framework/src/Illuminate/Foundation/Application.php(1220): Illuminate/Foundation/Http/Kernel->handle(Object(Illuminate/Http/Request))
#52 D:/KLTN_badminton_Laravel/KLTN_badminton/backend-laravel/public/index.php(20): Illuminate/Foundation/Application->handleRequest(Object(Illuminate/Http/Request))
#53 D:/KLTN_badminton_Laravel/KLTN_badminton/backend-laravel/vendor/laravel/framework/src/Illuminate/Foundation/resources/server.php(23): require_once('D://KLTN_badmint...')
#54 {main}
"} 
[2026-09-04 14:39:45] local.ERROR: Failed to authenticate on SMTP server with username "sanminhtien@gmail.com" using the following authenticators: "LOGIN", "PLAIN", "XOAUTH2". Authenticator "LOGIN" returned "Expected response code "235" but got code "535", with message "535-5.7.8 Username and Password not accepted. For more information, go to
535 5.7.8  https://support.google.com/mail/?p=BadCredentials d2e1a72fcca58-86152d32addsm1201674b3a.34 - gsmtp".". Authenticator "PLAIN" returned "Expected response code "235" but got code "535", with message "535-5.7.8 Username and Password not accepted. For more information, go to
535 5.7.8  https://support.google.com/mail/?p=BadCredentials d2e1a72fcca58-86152d32addsm1201674b3a.34 - gsmtp".". Authenticator "XOAUTH2" returned "Expected response code "235" but got code "334", with message "334 eyJzdGF0dXMiOiI0MDAiLCJzY2hlbWVzIjoiQmVhcmVyIiwic2NvcGUiOiJodHRwczovL21haWwuZ29vZ2xlLmNvbS8ifQ==".". {"exception":"[object] (Symfony\\Component\\Mailer\\Exception\\TransportException(code: 334): Failed to authenticate on SMTP server with username \"sanminhtien@gmail.com\" using the following authenticators: \"LOGIN\", \"PLAIN\", \"XOAUTH2\". Authenticator \"LOGIN\" returned \"Expected response code \"235\" but got code \"535\", with message \"535-5.7.8 Username and Password not accepted. For more information, go to

535 5.7.8  https://support.google.com/mail/?p=BadCredentials d2e1a72fcca58-86152d32addsm1201674b3a.34 - gsmtp\".\". Authenticator \"PLAIN\" returned \"Expected response code \"235\" but got code \"535\", with message \"535-5.7.8 Username and Password not accepted. For more information, go to

535 5.7.8  https://support.google.com/mail/?p=BadCredentials d2e1a72fcca58-86152d32addsm1201674b3a.34 - gsmtp\".\". Authenticator \"XOAUTH2\" returned \"Expected response code \"235\" but got code \"334\", with message \"334 eyJzdGF0dXMiOiI0MDAiLCJzY2hlbWVzIjoiQmVhcmVyIiwic2NvcGUiOiJodHRwczovL21haWwuZ29vZ2xlLmNvbS8ifQ==\".\". at D:/KLTN_badminton_Laravel/KLTN_badminton/backend-laravel/vendor/symfony/mailer/Transport/Smtp/EsmtpTransport.php:269)
[stacktrace]
#0 D:/KLTN_badminton_Laravel/KLTN_badminton/backend-laravel/vendor/symfony/mailer/Transport/Smtp/EsmtpTransport.php(199): Symfony/Component/Mailer/Transport/Smtp/EsmtpTransport->handleAuth(Array)
#1 D:/KLTN_badminton_Laravel/KLTN_badminton/backend-laravel/vendor/symfony/mailer/Transport/Smtp/EsmtpTransport.php(150): Symfony/Component/Mailer/Transport/Smtp/EsmtpTransport->doEhloCommand()
#2 D:/KLTN_badminton_Laravel/KLTN_badminton/backend-laravel/vendor/symfony/mailer/Transport/Smtp/SmtpTransport.php(258): Symfony/Component/Mailer/Transport/Smtp/EsmtpTransport->executeCommand('HELO localhost/r...', Array)
#3 D:/KLTN_badminton_Laravel/KLTN_badminton/backend-laravel/vendor/symfony/mailer/Transport/Smtp/SmtpTransport.php(284): Symfony/Component/Mailer/Transport/Smtp/SmtpTransport->doHeloCommand()
#4 D:/KLTN_badminton_Laravel/KLTN_badminton/backend-laravel/vendor/symfony/mailer/Transport/Smtp/SmtpTransport.php(214): Symfony/Component/Mailer/Transport/Smtp/SmtpTransport->start()
#5 D:/KLTN_badminton_Laravel/KLTN_badminton/backend-laravel/vendor/symfony/mailer/Transport/AbstractTransport.php(69): Symfony/Component/Mailer/Transport/Smtp/SmtpTransport->doSend(Object(Symfony/Component/Mailer/SentMessage))
#6 D:/KLTN_badminton_Laravel/KLTN_badminton/backend-laravel/vendor/symfony/mailer/Transport/Smtp/SmtpTransport.php(142): Symfony/Component/Mailer/Transport/AbstractTransport->send(Object(Symfony/Component/Mime/Email), Object(Symfony/Component/Mailer/DelayedEnvelope))
#7 D:/KLTN_badminton_Laravel/KLTN_badminton/backend-laravel/vendor/laravel/framework/src/Illuminate/Mail/Mailer.php(584): Symfony/Component/Mailer/Transport/Smtp/SmtpTransport->send(Object(Symfony/Component/Mime/Email), Object(Symfony/Component/Mailer/DelayedEnvelope))
#8 D:/KLTN_badminton_Laravel/KLTN_badminton/backend-laravel/vendor/laravel/framework/src/Illuminate/Mail/Mailer.php(331): Illuminate/Mail/Mailer->sendSymfonyMessage(Object(Symfony/Component/Mime/Email))
#9 D:/KLTN_badminton_Laravel/KLTN_badminton/backend-laravel/vendor/laravel/framework/src/Illuminate/Mail/Mailer.php(223): Illuminate/Mail/Mailer->send(NULL, Array, Object(Closure))
#10 D:/KLTN_badminton_Laravel/KLTN_badminton/backend-laravel/vendor/laravel/framework/src/Illuminate/Mail/MailManager.php(623): Illuminate/Mail/Mailer->raw('Xin ch/xC3/xA0o Nguy/xE1...', Object(Closure))
#11 D:/KLTN_badminton_Laravel/KLTN_badminton/backend-laravel/vendor/laravel/framework/src/Illuminate/Support/Facades/Facade.php(363): Illuminate/Mail/MailManager->__call('raw', Array)
#12 D:/KLTN_badminton_Laravel/KLTN_badminton/backend-laravel/app/Http/Controllers/ForgotPasswordController.php(77): Illuminate/Support/Facades/Facade::__callStatic('raw', Array)
#13 D:/KLTN_badminton_Laravel/KLTN_badminton/backend-laravel/vendor/laravel/framework/src/Illuminate/Routing/ControllerDispatcher.php(46): App/Http/Controllers/ForgotPasswordController->sendOtp(Object(Illuminate/Http/Request))
#14 D:/KLTN_badminton_Laravel/KLTN_badminton/backend-laravel/vendor/laravel/framework/src/Illuminate/Routing/Route.php(265): Illuminate/Routing/ControllerDispatcher->dispatch(Object(Illuminate/Routing/Route), Object(App/Http/Controllers/ForgotPasswordController), 'sendOtp')
#15 D:/KLTN_badminton_Laravel/KLTN_badminton/backend-laravel/vendor/laravel/framework/src/Illuminate/Routing/Route.php(211): Illuminate/Routing/Route->runController()
#16 D:/KLTN_badminton_Laravel/KLTN_badminton/backend-laravel/vendor/laravel/framework/src/Illuminate/Routing/Router.php(822): Illuminate/Routing/Route->run()
#17 D:/KLTN_badminton_Laravel/KLTN_badminton/backend-laravel/vendor/laravel/framework/src/Illuminate/Pipeline/Pipeline.php(180): Illuminate/Routing/Router->Illuminate/Routing/{closure}(Object(Illuminate/Http/Request))
#18 D:/KLTN_badminton_Laravel/KLTN_badminton/backend-laravel/vendor/laravel/framework/src/Illuminate/Routing/Middleware/SubstituteBindings.php(50): Illuminate/Pipeline/Pipeline->Illuminate/Pipeline/{closure}(Object(Illuminate/Http/Request))
#19 D:/KLTN_badminton_Laravel/KLTN_badminton/backend-laravel/vendor/laravel/framework/src/Illuminate/Pipeline/Pipeline.php(219): Illuminate/Routing/Middleware/SubstituteBindings->handle(Object(Illuminate/Http/Request), Object(Closure))
#20 D:/KLTN_badminton_Laravel/KLTN_badminton/backend-laravel/vendor/laravel/framework/src/Illuminate/Routing/Middleware/ThrottleRequests.php(166): Illuminate/Pipeline/Pipeline->Illuminate/Pipeline/{closure}(Object(Illuminate/Http/Request))
#21 D:/KLTN_badminton_Laravel/KLTN_badminton/backend-laravel/vendor/laravel/framework/src/Illuminate/Routing/Middleware/ThrottleRequests.php(93): Illuminate/Routing/Middleware/ThrottleRequests->handleRequest(Object(Illuminate/Http/Request), Object(Closure), Array)
#22 D:/KLTN_badminton_Laravel/KLTN_badminton/backend-laravel/vendor/laravel/framework/src/Illuminate/Pipeline/Pipeline.php(219): Illuminate/Routing/Middleware/ThrottleRequests->handle(Object(Illuminate/Http/Request), Object(Closure), '5', '1')
#23 D:/KLTN_badminton_Laravel/KLTN_badminton/backend-laravel/vendor/laravel/framework/src/Illuminate/Pipeline/Pipeline.php(137): Illuminate/Pipeline/Pipeline->Illuminate/Pipeline/{closure}(Object(Illuminate/Http/Request))
#24 D:/KLTN_badminton_Laravel/KLTN_badminton/backend-laravel/vendor/laravel/framework/src/Illuminate/Routing/Router.php(821): Illuminate/Pipeline/Pipeline->then(Object(Closure))
#25 D:/KLTN_badminton_Laravel/KLTN_badminton/backend-laravel/vendor/laravel/framework/src/Illuminate/Routing/Router.php(800): Illuminate/Routing/Router->runRouteWithinStack(Object(Illuminate/Routing/Route), Object(Illuminate/Http/Request))
#26 D:/KLTN_badminton_Laravel/KLTN_badminton/backend-laravel/vendor/laravel/framework/src/Illuminate/Routing/Router.php(764): Illuminate/Routing/Router->runRoute(Object(Illuminate/Http/Request), Object(Illuminate/Routing/Route))
#27 D:/KLTN_badminton_Laravel/KLTN_badminton/backend-laravel/vendor/laravel/framework/src/Illuminate/Routing/Router.php(753): Illuminate/Routing/Router->dispatchToRoute(Object(Illuminate/Http/Request))
#28 D:/KLTN_badminton_Laravel/KLTN_badminton/backend-laravel/vendor/laravel/framework/src/Illuminate/Foundation/Http/Kernel.php(200): Illuminate/Routing/Router->dispatch(Object(Illuminate/Http/Request))
#29 D:/KLTN_badminton_Laravel/KLTN_badminton/backend-laravel/vendor/laravel/framework/src/Illuminate/Pipeline/Pipeline.php(180): Illuminate/Foundation/Http/Kernel->Illuminate/Foundation/Http/{closure}(Object(Illuminate/Http/Request))
#30 D:/KLTN_badminton_Laravel/KLTN_badminton/backend-laravel/vendor/laravel/framework/src/Illuminate/Foundation/Http/Middleware/TransformsRequest.php(21): Illuminate/Pipeline/Pipeline->Illuminate/Pipeline/{closure}(Object(Illuminate/Http/Request))
#31 D:/KLTN_badminton_Laravel/KLTN_badminton/backend-laravel/vendor/laravel/framework/src/Illuminate/Foundation/Http/Middleware/ConvertEmptyStringsToNull.php(31): Illuminate/Foundation/Http/Middleware/TransformsRequest->handle(Object(Illuminate/Http/Request), Object(Closure))
#32 D:/KLTN_badminton_Laravel/KLTN_badminton/backend-laravel/vendor/laravel/framework/src/Illuminate/Pipeline/Pipeline.php(219): Illuminate/Foundation/Http/Middleware/ConvertEmptyStringsToNull->handle(Object(Illuminate/Http/Request), Object(Closure))
#33 D:/KLTN_badminton_Laravel/KLTN_badminton/backend-laravel/vendor/laravel/framework/src/Illuminate/Foundation/Http/Middleware/TransformsRequest.php(21): Illuminate/Pipeline/Pipeline->Illuminate/Pipeline/{closure}(Object(Illuminate/Http/Request))
#34 D:/KLTN_badminton_Laravel/KLTN_badminton/backend-laravel/vendor/laravel/framework/src/Illuminate/Foundation/Http/Middleware/TrimStrings.php(51): Illuminate/Foundation/Http/Middleware/TransformsRequest->handle(Object(Illuminate/Http/Request), Object(Closure))
#35 D:/KLTN_badminton_Laravel/KLTN_badminton/backend-laravel/vendor/laravel/framework/src/Illuminate/Pipeline/Pipeline.php(219): Illuminate/Foundation/Http/Middleware/TrimStrings->handle(Object(Illuminate/Http/Request), Object(Closure))
#36 D:/KLTN_badminton_Laravel/KLTN_badminton/backend-laravel/vendor/laravel/framework/src/Illuminate/Http/Middleware/ValidatePostSize.php(27): Illuminate/Pipeline/Pipeline->Illuminate/Pipeline/{closure}(Object(Illuminate/Http/Request))
#37 D:/KLTN_badminton_Laravel/KLTN_badminton/backend-laravel/vendor/laravel/framework/src/Illuminate/Pipeline/Pipeline.php(219): Illuminate/Http/Middleware/ValidatePostSize->handle(Object(Illuminate/Http/Request), Object(Closure))
#38 D:/KLTN_badminton_Laravel/KLTN_badminton/backend-laravel/vendor/laravel/framework/src/Illuminate/Foundation/Http/Middleware/PreventRequestsDuringMaintenance.php(109): Illuminate/Pipeline/Pipeline->Illuminate/Pipeline/{closure}(Object(Illuminate/Http/Request))
#39 D:/KLTN_badminton_Laravel/KLTN_badminton/backend-laravel/vendor/laravel/framework/src/Illuminate/Pipeline/Pipeline.php(219): Illuminate/Foundation/Http/Middleware/PreventRequestsDuringMaintenance->handle(Object(Illuminate/Http/Request), Object(Closure))
#40 D:/KLTN_badminton_Laravel/KLTN_badminton/backend-laravel/vendor/laravel/framework/src/Illuminate/Http/Middleware/HandleCors.php(74): Illuminate/Pipeline/Pipeline->Illuminate/Pipeline/{closure}(Object(Illuminate/Http/Request))
#41 D:/KLTN_badminton_Laravel/KLTN_badminton/backend-laravel/vendor/laravel/framework/src/Illuminate/Pipeline/Pipeline.php(219): Illuminate/Http/Middleware/HandleCors->handle(Object(Illuminate/Http/Request), Object(Closure))
#42 D:/KLTN_badminton_Laravel/KLTN_badminton/backend-laravel/vendor/laravel/framework/src/Illuminate/Http/Middleware/TrustProxies.php(58): Illuminate/Pipeline/Pipeline->Illuminate/Pipeline/{closure}(Object(Illuminate/Http/Request))
#43 D:/KLTN_badminton_Laravel/KLTN_badminton/backend-laravel/vendor/laravel/framework/src/Illuminate/Pipeline/Pipeline.php(219): Illuminate/Http/Middleware/TrustProxies->handle(Object(Illuminate/Http/Request), Object(Closure))
#44 D:/KLTN_badminton_Laravel/KLTN_badminton/backend-laravel/vendor/laravel/framework/src/Illuminate/Foundation/Http/Middleware/InvokeDeferredCallbacks.php(22): Illuminate/Pipeline/Pipeline->Illuminate/Pipeline/{closure}(Object(Illuminate/Http/Request))
#45 D:/KLTN_badminton_Laravel/KLTN_badminton/backend-laravel/vendor/laravel/framework/src/Illuminate/Pipeline/Pipeline.php(219): Illuminate/Foundation/Http/Middleware/InvokeDeferredCallbacks->handle(Object(Illuminate/Http/Request), Object(Closure))
#46 D:/KLTN_badminton_Laravel/KLTN_badminton/backend-laravel/vendor/laravel/framework/src/Illuminate/Http/Middleware/ValidatePathEncoding.php(26): Illuminate/Pipeline/Pipeline->Illuminate/Pipeline/{closure}(Object(Illuminate/Http/Request))
#47 D:/KLTN_badminton_Laravel/KLTN_badminton/backend-laravel/vendor/laravel/framework/src/Illuminate/Pipeline/Pipeline.php(219): Illuminate/Http/Middleware/ValidatePathEncoding->handle(Object(Illuminate/Http/Request), Object(Closure))
#48 D:/KLTN_badminton_Laravel/KLTN_badminton/backend-laravel/vendor/laravel/framework/src/Illuminate/Pipeline/Pipeline.php(137): Illuminate/Pipeline/Pipeline->Illuminate/Pipeline/{closure}(Object(Illuminate/Http/Request))
#49 D:/KLTN_badminton_Laravel/KLTN_badminton/backend-laravel/vendor/laravel/framework/src/Illuminate/Foundation/Http/Kernel.php(175): Illuminate/Pipeline/Pipeline->then(Object(Closure))
#50 D:/KLTN_badminton_Laravel/KLTN_badminton/backend-laravel/vendor/laravel/framework/src/Illuminate/Foundation/Http/Kernel.php(144): Illuminate/Foundation/Http/Kernel->sendRequestThroughRouter(Object(Illuminate/Http/Request))
#51 D:/KLTN_badminton_Laravel/KLTN_badminton/backend-laravel/vendor/laravel/framework/src/Illuminate/Foundation/Application.php(1220): Illuminate/Foundation/Http/Kernel->handle(Object(Illuminate/Http/Request))
#52 D:/KLTN_badminton_Laravel/KLTN_badminton/backend-laravel/public/index.php(20): Illuminate/Foundation/Application->handleRequest(Object(Illuminate/Http/Request))
#53 D:/KLTN_badminton_Laravel/KLTN_badminton/backend-laravel/vendor/laravel/framework/src/Illuminate/Foundation/resources/server.php(23): require_once('D://KLTN_badmint...')
#54 {main}
"} 
[2026-09-04 14:44:55] local.ERROR: Failed to authenticate on SMTP server with username "anhminh20221@gmail.com" using the following authenticators: "LOGIN", "PLAIN", "XOAUTH2". Authenticator "LOGIN" returned "Expected response code "235" but got code "535", with message "535-5.7.8 Username and Password not accepted. For more information, go to
535 5.7.8  https://support.google.com/mail/?p=BadCredentials d9443c01a7336-2db14841eaasm10666735ad.8 - gsmtp".". Authenticator "PLAIN" returned "Expected response code "235" but got code "535", with message "535-5.7.8 Username and Password not accepted. For more information, go to
535 5.7.8  https://support.google.com/mail/?p=BadCredentials d9443c01a7336-2db14841eaasm10666735ad.8 - gsmtp".". Authenticator "XOAUTH2" returned "Expected response code "235" but got code "334", with message "334 eyJzdGF0dXMiOiI0MDAiLCJzY2hlbWVzIjoiQmVhcmVyIiwic2NvcGUiOiJodHRwczovL21haWwuZ29vZ2xlLmNvbS8ifQ==".". {"exception":"[object] (Symfony\\Component\\Mailer\\Exception\\TransportException(code: 334): Failed to authenticate on SMTP server with username \"anhminh20221@gmail.com\" using the following authenticators: \"LOGIN\", \"PLAIN\", \"XOAUTH2\". Authenticator \"LOGIN\" returned \"Expected response code \"235\" but got code \"535\", with message \"535-5.7.8 Username and Password not accepted. For more information, go to

535 5.7.8  https://support.google.com/mail/?p=BadCredentials d9443c01a7336-2db14841eaasm10666735ad.8 - gsmtp\".\". Authenticator \"PLAIN\" returned \"Expected response code \"235\" but got code \"535\", with message \"535-5.7.8 Username and Password not accepted. For more information, go to

535 5.7.8  https://support.google.com/mail/?p=BadCredentials d9443c01a7336-2db14841eaasm10666735ad.8 - gsmtp\".\". Authenticator \"XOAUTH2\" returned \"Expected response code \"235\" but got code \"334\", with message \"334 eyJzdGF0dXMiOiI0MDAiLCJzY2hlbWVzIjoiQmVhcmVyIiwic2NvcGUiOiJodHRwczovL21haWwuZ29vZ2xlLmNvbS8ifQ==\".\". at D:/KLTN_badminton_Laravel/KLTN_badminton/backend-laravel/vendor/symfony/mailer/Transport/Smtp/EsmtpTransport.php:269)
[stacktrace]
#0 D:/KLTN_badminton_Laravel/KLTN_badminton/backend-laravel/vendor/symfony/mailer/Transport/Smtp/EsmtpTransport.php(199): Symfony/Component/Mailer/Transport/Smtp/EsmtpTransport->handleAuth(Array)
#1 D:/KLTN_badminton_Laravel/KLTN_badminton/backend-laravel/vendor/symfony/mailer/Transport/Smtp/EsmtpTransport.php(150): Symfony/Component/Mailer/Transport/Smtp/EsmtpTransport->doEhloCommand()
#2 D:/KLTN_badminton_Laravel/KLTN_badminton/backend-laravel/vendor/symfony/mailer/Transport/Smtp/SmtpTransport.php(258): Symfony/Component/Mailer/Transport/Smtp/EsmtpTransport->executeCommand('HELO localhost/r...', Array)
#3 D:/KLTN_badminton_Laravel/KLTN_badminton/backend-laravel/vendor/symfony/mailer/Transport/Smtp/SmtpTransport.php(284): Symfony/Component/Mailer/Transport/Smtp/SmtpTransport->doHeloCommand()
#4 D:/KLTN_badminton_Laravel/KLTN_badminton/backend-laravel/vendor/symfony/mailer/Transport/Smtp/SmtpTransport.php(214): Symfony/Component/Mailer/Transport/Smtp/SmtpTransport->start()
#5 D:/KLTN_badminton_Laravel/KLTN_badminton/backend-laravel/vendor/symfony/mailer/Transport/AbstractTransport.php(69): Symfony/Component/Mailer/Transport/Smtp/SmtpTransport->doSend(Object(Symfony/Component/Mailer/SentMessage))
#6 D:/KLTN_badminton_Laravel/KLTN_badminton/backend-laravel/vendor/symfony/mailer/Transport/Smtp/SmtpTransport.php(142): Symfony/Component/Mailer/Transport/AbstractTransport->send(Object(Symfony/Component/Mime/Email), Object(Symfony/Component/Mailer/DelayedEnvelope))
#7 D:/KLTN_badminton_Laravel/KLTN_badminton/backend-laravel/vendor/laravel/framework/src/Illuminate/Mail/Mailer.php(584): Symfony/Component/Mailer/Transport/Smtp/SmtpTransport->send(Object(Symfony/Component/Mime/Email), Object(Symfony/Component/Mailer/DelayedEnvelope))
#8 D:/KLTN_badminton_Laravel/KLTN_badminton/backend-laravel/vendor/laravel/framework/src/Illuminate/Mail/Mailer.php(331): Illuminate/Mail/Mailer->sendSymfonyMessage(Object(Symfony/Component/Mime/Email))
#9 D:/KLTN_badminton_Laravel/KLTN_badminton/backend-laravel/vendor/laravel/framework/src/Illuminate/Mail/Mailer.php(223): Illuminate/Mail/Mailer->send(NULL, Array, Object(Closure))
#10 D:/KLTN_badminton_Laravel/KLTN_badminton/backend-laravel/vendor/laravel/framework/src/Illuminate/Mail/MailManager.php(623): Illuminate/Mail/Mailer->raw('Xin ch/xC3/xA0o Nguy/xE1...', Object(Closure))
#11 D:/KLTN_badminton_Laravel/KLTN_badminton/backend-laravel/vendor/laravel/framework/src/Illuminate/Support/Facades/Facade.php(363): Illuminate/Mail/MailManager->__call('raw', Array)
#12 D:/KLTN_badminton_Laravel/KLTN_badminton/backend-laravel/app/Http/Controllers/ForgotPasswordController.php(77): Illuminate/Support/Facades/Facade::__callStatic('raw', Array)
#13 D:/KLTN_badminton_Laravel/KLTN_badminton/backend-laravel/vendor/laravel/framework/src/Illuminate/Routing/ControllerDispatcher.php(46): App/Http/Controllers/ForgotPasswordController->sendOtp(Object(Illuminate/Http/Request))
#14 D:/KLTN_badminton_Laravel/KLTN_badminton/backend-laravel/vendor/laravel/framework/src/Illuminate/Routing/Route.php(265): Illuminate/Routing/ControllerDispatcher->dispatch(Object(Illuminate/Routing/Route), Object(App/Http/Controllers/ForgotPasswordController), 'sendOtp')
#15 D:/KLTN_badminton_Laravel/KLTN_badminton/backend-laravel/vendor/laravel/framework/src/Illuminate/Routing/Route.php(211): Illuminate/Routing/Route->runController()
#16 D:/KLTN_badminton_Laravel/KLTN_badminton/backend-laravel/vendor/laravel/framework/src/Illuminate/Routing/Router.php(822): Illuminate/Routing/Route->run()
#17 D:/KLTN_badminton_Laravel/KLTN_badminton/backend-laravel/vendor/laravel/framework/src/Illuminate/Pipeline/Pipeline.php(180): Illuminate/Routing/Router->Illuminate/Routing/{closure}(Object(Illuminate/Http/Request))
#18 D:/KLTN_badminton_Laravel/KLTN_badminton/backend-laravel/vendor/laravel/framework/src/Illuminate/Routing/Middleware/SubstituteBindings.php(50): Illuminate/Pipeline/Pipeline->Illuminate/Pipeline/{closure}(Object(Illuminate/Http/Request))
#19 D:/KLTN_badminton_Laravel/KLTN_badminton/backend-laravel/vendor/laravel/framework/src/Illuminate/Pipeline/Pipeline.php(219): Illuminate/Routing/Middleware/SubstituteBindings->handle(Object(Illuminate/Http/Request), Object(Closure))
#20 D:/KLTN_badminton_Laravel/KLTN_badminton/backend-laravel/vendor/laravel/framework/src/Illuminate/Routing/Middleware/ThrottleRequests.php(166): Illuminate/Pipeline/Pipeline->Illuminate/Pipeline/{closure}(Object(Illuminate/Http/Request))
#21 D:/KLTN_badminton_Laravel/KLTN_badminton/backend-laravel/vendor/laravel/framework/src/Illuminate/Routing/Middleware/ThrottleRequests.php(93): Illuminate/Routing/Middleware/ThrottleRequests->handleRequest(Object(Illuminate/Http/Request), Object(Closure), Array)
#22 D:/KLTN_badminton_Laravel/KLTN_badminton/backend-laravel/vendor/laravel/framework/src/Illuminate/Pipeline/Pipeline.php(219): Illuminate/Routing/Middleware/ThrottleRequests->handle(Object(Illuminate/Http/Request), Object(Closure), '5', '1')
#23 D:/KLTN_badminton_Laravel/KLTN_badminton/backend-laravel/vendor/laravel/framework/src/Illuminate/Pipeline/Pipeline.php(137): Illuminate/Pipeline/Pipeline->Illuminate/Pipeline/{closure}(Object(Illuminate/Http/Request))
#24 D:/KLTN_badminton_Laravel/KLTN_badminton/backend-laravel/vendor/laravel/framework/src/Illuminate/Routing/Router.php(821): Illuminate/Pipeline/Pipeline->then(Object(Closure))
#25 D:/KLTN_badminton_Laravel/KLTN_badminton/backend-laravel/vendor/laravel/framework/src/Illuminate/Routing/Router.php(800): Illuminate/Routing/Router->runRouteWithinStack(Object(Illuminate/Routing/Route), Object(Illuminate/Http/Request))
#26 D:/KLTN_badminton_Laravel/KLTN_badminton/backend-laravel/vendor/laravel/framework/src/Illuminate/Routing/Router.php(764): Illuminate/Routing/Router->runRoute(Object(Illuminate/Http/Request), Object(Illuminate/Routing/Route))
#27 D:/KLTN_badminton_Laravel/KLTN_badminton/backend-laravel/vendor/laravel/framework/src/Illuminate/Routing/Router.php(753): Illuminate/Routing/Router->dispatchToRoute(Object(Illuminate/Http/Request))
#28 D:/KLTN_badminton_Laravel/KLTN_badminton/backend-laravel/vendor/laravel/framework/src/Illuminate/Foundation/Http/Kernel.php(200): Illuminate/Routing/Router->dispatch(Object(Illuminate/Http/Request))
#29 D:/KLTN_badminton_Laravel/KLTN_badminton/backend-laravel/vendor/laravel/framework/src/Illuminate/Pipeline/Pipeline.php(180): Illuminate/Foundation/Http/Kernel->Illuminate/Foundation/Http/{closure}(Object(Illuminate/Http/Request))
#30 D:/KLTN_badminton_Laravel/KLTN_badminton/backend-laravel/vendor/laravel/framework/src/Illuminate/Foundation/Http/Middleware/TransformsRequest.php(21): Illuminate/Pipeline/Pipeline->Illuminate/Pipeline/{closure}(Object(Illuminate/Http/Request))
#31 D:/KLTN_badminton_Laravel/KLTN_badminton/backend-laravel/vendor/laravel/framework/src/Illuminate/Foundation/Http/Middleware/ConvertEmptyStringsToNull.php(31): Illuminate/Foundation/Http/Middleware/TransformsRequest->handle(Object(Illuminate/Http/Request), Object(Closure))
#32 D:/KLTN_badminton_Laravel/KLTN_badminton/backend-laravel/vendor/laravel/framework/src/Illuminate/Pipeline/Pipeline.php(219): Illuminate/Foundation/Http/Middleware/ConvertEmptyStringsToNull->handle(Object(Illuminate/Http/Request), Object(Closure))
#33 D:/KLTN_badminton_Laravel/KLTN_badminton/backend-laravel/vendor/laravel/framework/src/Illuminate/Foundation/Http/Middleware/TransformsRequest.php(21): Illuminate/Pipeline/Pipeline->Illuminate/Pipeline/{closure}(Object(Illuminate/Http/Request))
#34 D:/KLTN_badminton_Laravel/KLTN_badminton/backend-laravel/vendor/laravel/framework/src/Illuminate/Foundation/Http/Middleware/TrimStrings.php(51): Illuminate/Foundation/Http/Middleware/TransformsRequest->handle(Object(Illuminate/Http/Request), Object(Closure))
#35 D:/KLTN_badminton_Laravel/KLTN_badminton/backend-laravel/vendor/laravel/framework/src/Illuminate/Pipeline/Pipeline.php(219): Illuminate/Foundation/Http/Middleware/TrimStrings->handle(Object(Illuminate/Http/Request), Object(Closure))
#36 D:/KLTN_badminton_Laravel/KLTN_badminton/backend-laravel/vendor/laravel/framework/src/Illuminate/Http/Middleware/ValidatePostSize.php(27): Illuminate/Pipeline/Pipeline->Illuminate/Pipeline/{closure}(Object(Illuminate/Http/Request))
#37 D:/KLTN_badminton_Laravel/KLTN_badminton/backend-laravel/vendor/laravel/framework/src/Illuminate/Pipeline/Pipeline.php(219): Illuminate/Http/Middleware/ValidatePostSize->handle(Object(Illuminate/Http/Request), Object(Closure))
#38 D:/KLTN_badminton_Laravel/KLTN_badminton/backend-laravel/vendor/laravel/framework/src/Illuminate/Foundation/Http/Middleware/PreventRequestsDuringMaintenance.php(109): Illuminate/Pipeline/Pipeline->Illuminate/Pipeline/{closure}(Object(Illuminate/Http/Request))
#39 D:/KLTN_badminton_Laravel/KLTN_badminton/backend-laravel/vendor/laravel/framework/src/Illuminate/Pipeline/Pipeline.php(219): Illuminate/Foundation/Http/Middleware/PreventRequestsDuringMaintenance->handle(Object(Illuminate/Http/Request), Object(Closure))
#40 D:/KLTN_badminton_Laravel/KLTN_badminton/backend-laravel/vendor/laravel/framework/src/Illuminate/Http/Middleware/HandleCors.php(74): Illuminate/Pipeline/Pipeline->Illuminate/Pipeline/{closure}(Object(Illuminate/Http/Request))
#41 D:/KLTN_badminton_Laravel/KLTN_badminton/backend-laravel/vendor/laravel/framework/src/Illuminate/Pipeline/Pipeline.php(219): Illuminate/Http/Middleware/HandleCors->handle(Object(Illuminate/Http/Request), Object(Closure))
#42 D:/KLTN_badminton_Laravel/KLTN_badminton/backend-laravel/vendor/laravel/framework/src/Illuminate/Http/Middleware/TrustProxies.php(58): Illuminate/Pipeline/Pipeline->Illuminate/Pipeline/{closure}(Object(Illuminate/Http/Request))
#43 D:/KLTN_badminton_Laravel/KLTN_badminton/backend-laravel/vendor/laravel/framework/src/Illuminate/Pipeline/Pipeline.php(219): Illuminate/Http/Middleware/TrustProxies->handle(Object(Illuminate/Http/Request), Object(Closure))
#44 D:/KLTN_badminton_Laravel/KLTN_badminton/backend-laravel/vendor/laravel/framework/src/Illuminate/Foundation/Http/Middleware/InvokeDeferredCallbacks.php(22): Illuminate/Pipeline/Pipeline->Illuminate/Pipeline/{closure}(Object(Illuminate/Http/Request))
#45 D:/KLTN_badminton_Laravel/KLTN_badminton/backend-laravel/vendor/laravel/framework/src/Illuminate/Pipeline/Pipeline.php(219): Illuminate/Foundation/Http/Middleware/InvokeDeferredCallbacks->handle(Object(Illuminate/Http/Request), Object(Closure))
#46 D:/KLTN_badminton_Laravel/KLTN_badminton/backend-laravel/vendor/laravel/framework/src/Illuminate/Http/Middleware/ValidatePathEncoding.php(26): Illuminate/Pipeline/Pipeline->Illuminate/Pipeline/{closure}(Object(Illuminate/Http/Request))
#47 D:/KLTN_badminton_Laravel/KLTN_badminton/backend-laravel/vendor/laravel/framework/src/Illuminate/Pipeline/Pipeline.php(219): Illuminate/Http/Middleware/ValidatePathEncoding->handle(Object(Illuminate/Http/Request), Object(Closure))
#48 D:/KLTN_badminton_Laravel/KLTN_badminton/backend-laravel/vendor/laravel/framework/src/Illuminate/Pipeline/Pipeline.php(137): Illuminate/Pipeline/Pipeline->Illuminate/Pipeline/{closure}(Object(Illuminate/Http/Request))
#49 D:/KLTN_badminton_Laravel/KLTN_badminton/backend-laravel/vendor/laravel/framework/src/Illuminate/Foundation/Http/Kernel.php(175): Illuminate/Pipeline/Pipeline->then(Object(Closure))
#50 D:/KLTN_badminton_Laravel/KLTN_badminton/backend-laravel/vendor/laravel/framework/src/Illuminate/Foundation/Http/Kernel.php(144): Illuminate/Foundation/Http/Kernel->sendRequestThroughRouter(Object(Illuminate/Http/Request))
#51 D:/KLTN_badminton_Laravel/KLTN_badminton/backend-laravel/vendor/laravel/framework/src/Illuminate/Foundation/Application.php(1220): Illuminate/Foundation/Http/Kernel->handle(Object(Illuminate/Http/Request))
#52 D:/KLTN_badminton_Laravel/KLTN_badminton/backend-laravel/public/index.php(20): Illuminate/Foundation/Application->handleRequest(Object(Illuminate/Http/Request))
#53 D:/KLTN_badminton_Laravel/KLTN_badminton/backend-laravel/vendor/laravel/framework/src/Illuminate/Foundation/resources/server.php(23): require_once('D://KLTN_badmint...')
#54 {main}
"} 
[2026-09-04 14:45:41] local.ERROR: Failed to authenticate on SMTP server with username "anhminh20221@gmail.com" using the following authenticators: "LOGIN", "PLAIN", "XOAUTH2". Authenticator "LOGIN" returned "Expected response code "235" but got code "535", with message "535-5.7.8 Username and Password not accepted. For more information, go to
535 5.7.8  https://support.google.com/mail/?p=BadCredentials d9443c01a7336-2db195a1a59sm8447395ad.47 - gsmtp".". Authenticator "PLAIN" returned "Expected response code "235" but got code "535", with message "535-5.7.8 Username and Password not accepted. For more information, go to
535 5.7.8  https://support.google.com/mail/?p=BadCredentials d9443c01a7336-2db195a1a59sm8447395ad.47 - gsmtp".". Authenticator "XOAUTH2" returned "Expected response code "235" but got code "334", with message "334 eyJzdGF0dXMiOiI0MDAiLCJzY2hlbWVzIjoiQmVhcmVyIiwic2NvcGUiOiJodHRwczovL21haWwuZ29vZ2xlLmNvbS8ifQ==".". {"exception":"[object] (Symfony\\Component\\Mailer\\Exception\\TransportException(code: 334): Failed to authenticate on SMTP server with username \"anhminh20221@gmail.com\" using the following authenticators: \"LOGIN\", \"PLAIN\", \"XOAUTH2\". Authenticator \"LOGIN\" returned \"Expected response code \"235\" but got code \"535\", with message \"535-5.7.8 Username and Password not accepted. For more information, go to

535 5.7.8  https://support.google.com/mail/?p=BadCredentials d9443c01a7336-2db195a1a59sm8447395ad.47 - gsmtp\".\". Authenticator \"PLAIN\" returned \"Expected response code \"235\" but got code \"535\", with message \"535-5.7.8 Username and Password not accepted. For more information, go to

535 5.7.8  https://support.google.com/mail/?p=BadCredentials d9443c01a7336-2db195a1a59sm8447395ad.47 - gsmtp\".\". Authenticator \"XOAUTH2\" returned \"Expected response code \"235\" but got code \"334\", with message \"334 eyJzdGF0dXMiOiI0MDAiLCJzY2hlbWVzIjoiQmVhcmVyIiwic2NvcGUiOiJodHRwczovL21haWwuZ29vZ2xlLmNvbS8ifQ==\".\". at D:/KLTN_badminton_Laravel/KLTN_badminton/backend-laravel/vendor/symfony/mailer/Transport/Smtp/EsmtpTransport.php:269)
[stacktrace]
#0 D:/KLTN_badminton_Laravel/KLTN_badminton/backend-laravel/vendor/symfony/mailer/Transport/Smtp/EsmtpTransport.php(199): Symfony/Component/Mailer/Transport/Smtp/EsmtpTransport->handleAuth(Array)
#1 D:/KLTN_badminton_Laravel/KLTN_badminton/backend-laravel/vendor/symfony/mailer/Transport/Smtp/EsmtpTransport.php(150): Symfony/Component/Mailer/Transport/Smtp/EsmtpTransport->doEhloCommand()
#2 D:/KLTN_badminton_Laravel/KLTN_badminton/backend-laravel/vendor/symfony/mailer/Transport/Smtp/SmtpTransport.php(258): Symfony/Component/Mailer/Transport/Smtp/EsmtpTransport->executeCommand('HELO localhost/r...', Array)
#3 D:/KLTN_badminton_Laravel/KLTN_badminton/backend-laravel/vendor/symfony/mailer/Transport/Smtp/SmtpTransport.php(284): Symfony/Component/Mailer/Transport/Smtp/SmtpTransport->doHeloCommand()
#4 D:/KLTN_badminton_Laravel/KLTN_badminton/backend-laravel/vendor/symfony/mailer/Transport/Smtp/SmtpTransport.php(214): Symfony/Component/Mailer/Transport/Smtp/SmtpTransport->start()
#5 D:/KLTN_badminton_Laravel/KLTN_badminton/backend-laravel/vendor/symfony/mailer/Transport/AbstractTransport.php(69): Symfony/Component/Mailer/Transport/Smtp/SmtpTransport->doSend(Object(Symfony/Component/Mailer/SentMessage))
#6 D:/KLTN_badminton_Laravel/KLTN_badminton/backend-laravel/vendor/symfony/mailer/Transport/Smtp/SmtpTransport.php(142): Symfony/Component/Mailer/Transport/AbstractTransport->send(Object(Symfony/Component/Mime/Email), Object(Symfony/Component/Mailer/DelayedEnvelope))
#7 D:/KLTN_badminton_Laravel/KLTN_badminton/backend-laravel/vendor/laravel/framework/src/Illuminate/Mail/Mailer.php(584): Symfony/Component/Mailer/Transport/Smtp/SmtpTransport->send(Object(Symfony/Component/Mime/Email), Object(Symfony/Component/Mailer/DelayedEnvelope))
#8 D:/KLTN_badminton_Laravel/KLTN_badminton/backend-laravel/vendor/laravel/framework/src/Illuminate/Mail/Mailer.php(331): Illuminate/Mail/Mailer->sendSymfonyMessage(Object(Symfony/Component/Mime/Email))
#9 D:/KLTN_badminton_Laravel/KLTN_badminton/backend-laravel/vendor/laravel/framework/src/Illuminate/Mail/Mailer.php(223): Illuminate/Mail/Mailer->send(NULL, Array, Object(Closure))
#10 D:/KLTN_badminton_Laravel/KLTN_badminton/backend-laravel/vendor/laravel/framework/src/Illuminate/Mail/MailManager.php(623): Illuminate/Mail/Mailer->raw('Xin ch/xC3/xA0o Nguy/xE1...', Object(Closure))
#11 D:/KLTN_badminton_Laravel/KLTN_badminton/backend-laravel/vendor/laravel/framework/src/Illuminate/Support/Facades/Facade.php(363): Illuminate/Mail/MailManager->__call('raw', Array)
#12 D:/KLTN_badminton_Laravel/KLTN_badminton/backend-laravel/app/Http/Controllers/ForgotPasswordController.php(77): Illuminate/Support/Facades/Facade::__callStatic('raw', Array)
#13 D:/KLTN_badminton_Laravel/KLTN_badminton/backend-laravel/vendor/laravel/framework/src/Illuminate/Routing/ControllerDispatcher.php(46): App/Http/Controllers/ForgotPasswordController->sendOtp(Object(Illuminate/Http/Request))
#14 D:/KLTN_badminton_Laravel/KLTN_badminton/backend-laravel/vendor/laravel/framework/src/Illuminate/Routing/Route.php(265): Illuminate/Routing/ControllerDispatcher->dispatch(Object(Illuminate/Routing/Route), Object(App/Http/Controllers/ForgotPasswordController), 'sendOtp')
#15 D:/KLTN_badminton_Laravel/KLTN_badminton/backend-laravel/vendor/laravel/framework/src/Illuminate/Routing/Route.php(211): Illuminate/Routing/Route->runController()
#16 D:/KLTN_badminton_Laravel/KLTN_badminton/backend-laravel/vendor/laravel/framework/src/Illuminate/Routing/Router.php(822): Illuminate/Routing/Route->run()
#17 D:/KLTN_badminton_Laravel/KLTN_badminton/backend-laravel/vendor/laravel/framework/src/Illuminate/Pipeline/Pipeline.php(180): Illuminate/Routing/Router->Illuminate/Routing/{closure}(Object(Illuminate/Http/Request))
#18 D:/KLTN_badminton_Laravel/KLTN_badminton/backend-laravel/vendor/laravel/framework/src/Illuminate/Routing/Middleware/SubstituteBindings.php(50): Illuminate/Pipeline/Pipeline->Illuminate/Pipeline/{closure}(Object(Illuminate/Http/Request))
#19 D:/KLTN_badminton_Laravel/KLTN_badminton/backend-laravel/vendor/laravel/framework/src/Illuminate/Pipeline/Pipeline.php(219): Illuminate/Routing/Middleware/SubstituteBindings->handle(Object(Illuminate/Http/Request), Object(Closure))
#20 D:/KLTN_badminton_Laravel/KLTN_badminton/backend-laravel/vendor/laravel/framework/src/Illuminate/Routing/Middleware/ThrottleRequests.php(166): Illuminate/Pipeline/Pipeline->Illuminate/Pipeline/{closure}(Object(Illuminate/Http/Request))
#21 D:/KLTN_badminton_Laravel/KLTN_badminton/backend-laravel/vendor/laravel/framework/src/Illuminate/Routing/Middleware/ThrottleRequests.php(93): Illuminate/Routing/Middleware/ThrottleRequests->handleRequest(Object(Illuminate/Http/Request), Object(Closure), Array)
#22 D:/KLTN_badminton_Laravel/KLTN_badminton/backend-laravel/vendor/laravel/framework/src/Illuminate/Pipeline/Pipeline.php(219): Illuminate/Routing/Middleware/ThrottleRequests->handle(Object(Illuminate/Http/Request), Object(Closure), '5', '1')
#23 D:/KLTN_badminton_Laravel/KLTN_badminton/backend-laravel/vendor/laravel/framework/src/Illuminate/Pipeline/Pipeline.php(137): Illuminate/Pipeline/Pipeline->Illuminate/Pipeline/{closure}(Object(Illuminate/Http/Request))
#24 D:/KLTN_badminton_Laravel/KLTN_badminton/backend-laravel/vendor/laravel/framework/src/Illuminate/Routing/Router.php(821): Illuminate/Pipeline/Pipeline->then(Object(Closure))
#25 D:/KLTN_badminton_Laravel/KLTN_badminton/backend-laravel/vendor/laravel/framework/src/Illuminate/Routing/Router.php(800): Illuminate/Routing/Router->runRouteWithinStack(Object(Illuminate/Routing/Route), Object(Illuminate/Http/Request))
#26 D:/KLTN_badminton_Laravel/KLTN_badminton/backend-laravel/vendor/laravel/framework/src/Illuminate/Routing/Router.php(764): Illuminate/Routing/Router->runRoute(Object(Illuminate/Http/Request), Object(Illuminate/Routing/Route))
#27 D:/KLTN_badminton_Laravel/KLTN_badminton/backend-laravel/vendor/laravel/framework/src/Illuminate/Routing/Router.php(753): Illuminate/Routing/Router->dispatchToRoute(Object(Illuminate/Http/Request))
#28 D:/KLTN_badminton_Laravel/KLTN_badminton/backend-laravel/vendor/laravel/framework/src/Illuminate/Foundation/Http/Kernel.php(200): Illuminate/Routing/Router->dispatch(Object(Illuminate/Http/Request))
#29 D:/KLTN_badminton_Laravel/KLTN_badminton/backend-laravel/vendor/laravel/framework/src/Illuminate/Pipeline/Pipeline.php(180): Illuminate/Foundation/Http/Kernel->Illuminate/Foundation/Http/{closure}(Object(Illuminate/Http/Request))
#30 D:/KLTN_badminton_Laravel/KLTN_badminton/backend-laravel/vendor/laravel/framework/src/Illuminate/Foundation/Http/Middleware/TransformsRequest.php(21): Illuminate/Pipeline/Pipeline->Illuminate/Pipeline/{closure}(Object(Illuminate/Http/Request))
#31 D:/KLTN_badminton_Laravel/KLTN_badminton/backend-laravel/vendor/laravel/framework/src/Illuminate/Foundation/Http/Middleware/ConvertEmptyStringsToNull.php(31): Illuminate/Foundation/Http/Middleware/TransformsRequest->handle(Object(Illuminate/Http/Request), Object(Closure))
#32 D:/KLTN_badminton_Laravel/KLTN_badminton/backend-laravel/vendor/laravel/framework/src/Illuminate/Pipeline/Pipeline.php(219): Illuminate/Foundation/Http/Middleware/ConvertEmptyStringsToNull->handle(Object(Illuminate/Http/Request), Object(Closure))
#33 D:/KLTN_badminton_Laravel/KLTN_badminton/backend-laravel/vendor/laravel/framework/src/Illuminate/Foundation/Http/Middleware/TransformsRequest.php(21): Illuminate/Pipeline/Pipeline->Illuminate/Pipeline/{closure}(Object(Illuminate/Http/Request))
#34 D:/KLTN_badminton_Laravel/KLTN_badminton/backend-laravel/vendor/laravel/framework/src/Illuminate/Foundation/Http/Middleware/TrimStrings.php(51): Illuminate/Foundation/Http/Middleware/TransformsRequest->handle(Object(Illuminate/Http/Request), Object(Closure))
#35 D:/KLTN_badminton_Laravel/KLTN_badminton/backend-laravel/vendor/laravel/framework/src/Illuminate/Pipeline/Pipeline.php(219): Illuminate/Foundation/Http/Middleware/TrimStrings->handle(Object(Illuminate/Http/Request), Object(Closure))
#36 D:/KLTN_badminton_Laravel/KLTN_badminton/backend-laravel/vendor/laravel/framework/src/Illuminate/Http/Middleware/ValidatePostSize.php(27): Illuminate/Pipeline/Pipeline->Illuminate/Pipeline/{closure}(Object(Illuminate/Http/Request))
#37 D:/KLTN_badminton_Laravel/KLTN_badminton/backend-laravel/vendor/laravel/framework/src/Illuminate/Pipeline/Pipeline.php(219): Illuminate/Http/Middleware/ValidatePostSize->handle(Object(Illuminate/Http/Request), Object(Closure))
#38 D:/KLTN_badminton_Laravel/KLTN_badminton/backend-laravel/vendor/laravel/framework/src/Illuminate/Foundation/Http/Middleware/PreventRequestsDuringMaintenance.php(109): Illuminate/Pipeline/Pipeline->Illuminate/Pipeline/{closure}(Object(Illuminate/Http/Request))
#39 D:/KLTN_badminton_Laravel/KLTN_badminton/backend-laravel/vendor/laravel/framework/src/Illuminate/Pipeline/Pipeline.php(219): Illuminate/Foundation/Http/Middleware/PreventRequestsDuringMaintenance->handle(Object(Illuminate/Http/Request), Object(Closure))
#40 D:/KLTN_badminton_Laravel/KLTN_badminton/backend-laravel/vendor/laravel/framework/src/Illuminate/Http/Middleware/HandleCors.php(74): Illuminate/Pipeline/Pipeline->Illuminate/Pipeline/{closure}(Object(Illuminate/Http/Request))
#41 D:/KLTN_badminton_Laravel/KLTN_badminton/backend-laravel/vendor/laravel/framework/src/Illuminate/Pipeline/Pipeline.php(219): Illuminate/Http/Middleware/HandleCors->handle(Object(Illuminate/Http/Request), Object(Closure))
#42 D:/KLTN_badminton_Laravel/KLTN_badminton/backend-laravel/vendor/laravel/framework/src/Illuminate/Http/Middleware/TrustProxies.php(58): Illuminate/Pipeline/Pipeline->Illuminate/Pipeline/{closure}(Object(Illuminate/Http/Request))
#43 D:/KLTN_badminton_Laravel/KLTN_badminton/backend-laravel/vendor/laravel/framework/src/Illuminate/Pipeline/Pipeline.php(219): Illuminate/Http/Middleware/TrustProxies->handle(Object(Illuminate/Http/Request), Object(Closure))
#44 D:/KLTN_badminton_Laravel/KLTN_badminton/backend-laravel/vendor/laravel/framework/src/Illuminate/Foundation/Http/Middleware/InvokeDeferredCallbacks.php(22): Illuminate/Pipeline/Pipeline->Illuminate/Pipeline/{closure}(Object(Illuminate/Http/Request))
#45 D:/KLTN_badminton_Laravel/KLTN_badminton/backend-laravel/vendor/laravel/framework/src/Illuminate/Pipeline/Pipeline.php(219): Illuminate/Foundation/Http/Middleware/InvokeDeferredCallbacks->handle(Object(Illuminate/Http/Request), Object(Closure))
#46 D:/KLTN_badminton_Laravel/KLTN_badminton/backend-laravel/vendor/laravel/framework/src/Illuminate/Http/Middleware/ValidatePathEncoding.php(26): Illuminate/Pipeline/Pipeline->Illuminate/Pipeline/{closure}(Object(Illuminate/Http/Request))
#47 D:/KLTN_badminton_Laravel/KLTN_badminton/backend-laravel/vendor/laravel/framework/src/Illuminate/Pipeline/Pipeline.php(219): Illuminate/Http/Middleware/ValidatePathEncoding->handle(Object(Illuminate/Http/Request), Object(Closure))
#48 D:/KLTN_badminton_Laravel/KLTN_badminton/backend-laravel/vendor/laravel/framework/src/Illuminate/Pipeline/Pipeline.php(137): Illuminate/Pipeline/Pipeline->Illuminate/Pipeline/{closure}(Object(Illuminate/Http/Request))
#49 D:/KLTN_badminton_Laravel/KLTN_badminton/backend-laravel/vendor/laravel/framework/src/Illuminate/Foundation/Http/Kernel.php(175): Illuminate/Pipeline/Pipeline->then(Object(Closure))
#50 D:/KLTN_badminton_Laravel/KLTN_badminton/backend-laravel/vendor/laravel/framework/src/Illuminate/Foundation/Http/Kernel.php(144): Illuminate/Foundation/Http/Kernel->sendRequestThroughRouter(Object(Illuminate/Http/Request))
#51 D:/KLTN_badminton_Laravel/KLTN_badminton/backend-laravel/vendor/laravel/framework/src/Illuminate/Foundation/Application.php(1220): Illuminate/Foundation/Http/Kernel->handle(Object(Illuminate/Http/Request))
#52 D:/KLTN_badminton_Laravel/KLTN_badminton/backend-laravel/public/index.php(20): Illuminate/Foundation/Application->handleRequest(Object(Illuminate/Http/Request))
#53 D:/KLTN_badminton_Laravel/KLTN_badminton/backend-laravel/vendor/laravel/framework/src/Illuminate/Foundation/resources/server.php(23): require_once('D://KLTN_badmint...')
#54 {main}
"} 
[2026-09-04 14:56:34] local.ERROR: Failed to authenticate on SMTP server with username "anhminh20221@gmail.com" using the following authenticators: "LOGIN", "PLAIN", "XOAUTH2". Authenticator "LOGIN" returned "Expected response code "235" but got code "535", with message "535-5.7.8 Username and Password not accepted. For more information, go to
535 5.7.8  https://support.google.com/mail/?p=BadCredentials 46e09a7af769-7f9f6793f53sm2989974a34.6 - gsmtp".". Authenticator "PLAIN" returned "Expected response code "235" but got code "535", with message "535-5.7.8 Username and Password not accepted. For more information, go to
535 5.7.8  https://support.google.com/mail/?p=BadCredentials 46e09a7af769-7f9f6793f53sm2989974a34.6 - gsmtp".". Authenticator "XOAUTH2" returned "Expected response code "235" but got code "334", with message "334 eyJzdGF0dXMiOiI0MDAiLCJzY2hlbWVzIjoiQmVhcmVyIiwic2NvcGUiOiJodHRwczovL21haWwuZ29vZ2xlLmNvbS8ifQ==".". {"exception":"[object] (Symfony\\Component\\Mailer\\Exception\\TransportException(code: 334): Failed to authenticate on SMTP server with username \"anhminh20221@gmail.com\" using the following authenticators: \"LOGIN\", \"PLAIN\", \"XOAUTH2\". Authenticator \"LOGIN\" returned \"Expected response code \"235\" but got code \"535\", with message \"535-5.7.8 Username and Password not accepted. For more information, go to

535 5.7.8  https://support.google.com/mail/?p=BadCredentials 46e09a7af769-7f9f6793f53sm2989974a34.6 - gsmtp\".\". Authenticator \"PLAIN\" returned \"Expected response code \"235\" but got code \"535\", with message \"535-5.7.8 Username and Password not accepted. For more information, go to

535 5.7.8  https://support.google.com/mail/?p=BadCredentials 46e09a7af769-7f9f6793f53sm2989974a34.6 - gsmtp\".\". Authenticator \"XOAUTH2\" returned \"Expected response code \"235\" but got code \"334\", with message \"334 eyJzdGF0dXMiOiI0MDAiLCJzY2hlbWVzIjoiQmVhcmVyIiwic2NvcGUiOiJodHRwczovL21haWwuZ29vZ2xlLmNvbS8ifQ==\".\". at D:/KLTN_badminton_Laravel/KLTN_badminton/backend-laravel/vendor/symfony/mailer/Transport/Smtp/EsmtpTransport.php:269)
[stacktrace]
#0 D:/KLTN_badminton_Laravel/KLTN_badminton/backend-laravel/vendor/symfony/mailer/Transport/Smtp/EsmtpTransport.php(199): Symfony/Component/Mailer/Transport/Smtp/EsmtpTransport->handleAuth(Array)
#1 D:/KLTN_badminton_Laravel/KLTN_badminton/backend-laravel/vendor/symfony/mailer/Transport/Smtp/EsmtpTransport.php(150): Symfony/Component/Mailer/Transport/Smtp/EsmtpTransport->doEhloCommand()
#2 D:/KLTN_badminton_Laravel/KLTN_badminton/backend-laravel/vendor/symfony/mailer/Transport/Smtp/SmtpTransport.php(258): Symfony/Component/Mailer/Transport/Smtp/EsmtpTransport->executeCommand('HELO localhost/r...', Array)
#3 D:/KLTN_badminton_Laravel/KLTN_badminton/backend-laravel/vendor/symfony/mailer/Transport/Smtp/SmtpTransport.php(284): Symfony/Component/Mailer/Transport/Smtp/SmtpTransport->doHeloCommand()
#4 D:/KLTN_badminton_Laravel/KLTN_badminton/backend-laravel/vendor/symfony/mailer/Transport/Smtp/SmtpTransport.php(214): Symfony/Component/Mailer/Transport/Smtp/SmtpTransport->start()
#5 D:/KLTN_badminton_Laravel/KLTN_badminton/backend-laravel/vendor/symfony/mailer/Transport/AbstractTransport.php(69): Symfony/Component/Mailer/Transport/Smtp/SmtpTransport->doSend(Object(Symfony/Component/Mailer/SentMessage))
#6 D:/KLTN_badminton_Laravel/KLTN_badminton/backend-laravel/vendor/symfony/mailer/Transport/Smtp/SmtpTransport.php(142): Symfony/Component/Mailer/Transport/AbstractTransport->send(Object(Symfony/Component/Mime/Email), Object(Symfony/Component/Mailer/DelayedEnvelope))
#7 D:/KLTN_badminton_Laravel/KLTN_badminton/backend-laravel/vendor/laravel/framework/src/Illuminate/Mail/Mailer.php(584): Symfony/Component/Mailer/Transport/Smtp/SmtpTransport->send(Object(Symfony/Component/Mime/Email), Object(Symfony/Component/Mailer/DelayedEnvelope))
#8 D:/KLTN_badminton_Laravel/KLTN_badminton/backend-laravel/vendor/laravel/framework/src/Illuminate/Mail/Mailer.php(331): Illuminate/Mail/Mailer->sendSymfonyMessage(Object(Symfony/Component/Mime/Email))
#9 D:/KLTN_badminton_Laravel/KLTN_badminton/backend-laravel/vendor/laravel/framework/src/Illuminate/Mail/Mailer.php(223): Illuminate/Mail/Mailer->send(NULL, Array, Object(Closure))
#10 D:/KLTN_badminton_Laravel/KLTN_badminton/backend-laravel/vendor/laravel/framework/src/Illuminate/Mail/MailManager.php(623): Illuminate/Mail/Mailer->raw('Xin ch/xC3/xA0o Nguy/xE1...', Object(Closure))
#11 D:/KLTN_badminton_Laravel/KLTN_badminton/backend-laravel/vendor/laravel/framework/src/Illuminate/Support/Facades/Facade.php(363): Illuminate/Mail/MailManager->__call('raw', Array)
#12 D:/KLTN_badminton_Laravel/KLTN_badminton/backend-laravel/app/Http/Controllers/ForgotPasswordController.php(77): Illuminate/Support/Facades/Facade::__callStatic('raw', Array)
#13 D:/KLTN_badminton_Laravel/KLTN_badminton/backend-laravel/vendor/laravel/framework/src/Illuminate/Routing/ControllerDispatcher.php(46): App/Http/Controllers/ForgotPasswordController->sendOtp(Object(Illuminate/Http/Request))
#14 D:/KLTN_badminton_Laravel/KLTN_badminton/backend-laravel/vendor/laravel/framework/src/Illuminate/Routing/Route.php(265): Illuminate/Routing/ControllerDispatcher->dispatch(Object(Illuminate/Routing/Route), Object(App/Http/Controllers/ForgotPasswordController), 'sendOtp')
#15 D:/KLTN_badminton_Laravel/KLTN_badminton/backend-laravel/vendor/laravel/framework/src/Illuminate/Routing/Route.php(211): Illuminate/Routing/Route->runController()
#16 D:/KLTN_badminton_Laravel/KLTN_badminton/backend-laravel/vendor/laravel/framework/src/Illuminate/Routing/Router.php(822): Illuminate/Routing/Route->run()
#17 D:/KLTN_badminton_Laravel/KLTN_badminton/backend-laravel/vendor/laravel/framework/src/Illuminate/Pipeline/Pipeline.php(180): Illuminate/Routing/Router->Illuminate/Routing/{closure}(Object(Illuminate/Http/Request))
#18 D:/KLTN_badminton_Laravel/KLTN_badminton/backend-laravel/vendor/laravel/framework/src/Illuminate/Routing/Middleware/SubstituteBindings.php(50): Illuminate/Pipeline/Pipeline->Illuminate/Pipeline/{closure}(Object(Illuminate/Http/Request))
#19 D:/KLTN_badminton_Laravel/KLTN_badminton/backend-laravel/vendor/laravel/framework/src/Illuminate/Pipeline/Pipeline.php(219): Illuminate/Routing/Middleware/SubstituteBindings->handle(Object(Illuminate/Http/Request), Object(Closure))
#20 D:/KLTN_badminton_Laravel/KLTN_badminton/backend-laravel/vendor/laravel/framework/src/Illuminate/Routing/Middleware/ThrottleRequests.php(166): Illuminate/Pipeline/Pipeline->Illuminate/Pipeline/{closure}(Object(Illuminate/Http/Request))
#21 D:/KLTN_badminton_Laravel/KLTN_badminton/backend-laravel/vendor/laravel/framework/src/Illuminate/Routing/Middleware/ThrottleRequests.php(93): Illuminate/Routing/Middleware/ThrottleRequests->handleRequest(Object(Illuminate/Http/Request), Object(Closure), Array)
#22 D:/KLTN_badminton_Laravel/KLTN_badminton/backend-laravel/vendor/laravel/framework/src/Illuminate/Pipeline/Pipeline.php(219): Illuminate/Routing/Middleware/ThrottleRequests->handle(Object(Illuminate/Http/Request), Object(Closure), '5', '1')
#23 D:/KLTN_badminton_Laravel/KLTN_badminton/backend-laravel/vendor/laravel/framework/src/Illuminate/Pipeline/Pipeline.php(137): Illuminate/Pipeline/Pipeline->Illuminate/Pipeline/{closure}(Object(Illuminate/Http/Request))
#24 D:/KLTN_badminton_Laravel/KLTN_badminton/backend-laravel/vendor/laravel/framework/src/Illuminate/Routing/Router.php(821): Illuminate/Pipeline/Pipeline->then(Object(Closure))
#25 D:/KLTN_badminton_Laravel/KLTN_badminton/backend-laravel/vendor/laravel/framework/src/Illuminate/Routing/Router.php(800): Illuminate/Routing/Router->runRouteWithinStack(Object(Illuminate/Routing/Route), Object(Illuminate/Http/Request))
#26 D:/KLTN_badminton_Laravel/KLTN_badminton/backend-laravel/vendor/laravel/framework/src/Illuminate/Routing/Router.php(764): Illuminate/Routing/Router->runRoute(Object(Illuminate/Http/Request), Object(Illuminate/Routing/Route))
#27 D:/KLTN_badminton_Laravel/KLTN_badminton/backend-laravel/vendor/laravel/framework/src/Illuminate/Routing/Router.php(753): Illuminate/Routing/Router->dispatchToRoute(Object(Illuminate/Http/Request))
#28 D:/KLTN_badminton_Laravel/KLTN_badminton/backend-laravel/vendor/laravel/framework/src/Illuminate/Foundation/Http/Kernel.php(200): Illuminate/Routing/Router->dispatch(Object(Illuminate/Http/Request))
#29 D:/KLTN_badminton_Laravel/KLTN_badminton/backend-laravel/vendor/laravel/framework/src/Illuminate/Pipeline/Pipeline.php(180): Illuminate/Foundation/Http/Kernel->Illuminate/Foundation/Http/{closure}(Object(Illuminate/Http/Request))
#30 D:/KLTN_badminton_Laravel/KLTN_badminton/backend-laravel/vendor/laravel/framework/src/Illuminate/Foundation/Http/Middleware/TransformsRequest.php(21): Illuminate/Pipeline/Pipeline->Illuminate/Pipeline/{closure}(Object(Illuminate/Http/Request))
#31 D:/KLTN_badminton_Laravel/KLTN_badminton/backend-laravel/vendor/laravel/framework/src/Illuminate/Foundation/Http/Middleware/ConvertEmptyStringsToNull.php(31): Illuminate/Foundation/Http/Middleware/TransformsRequest->handle(Object(Illuminate/Http/Request), Object(Closure))
#32 D:/KLTN_badminton_Laravel/KLTN_badminton/backend-laravel/vendor/laravel/framework/src/Illuminate/Pipeline/Pipeline.php(219): Illuminate/Foundation/Http/Middleware/ConvertEmptyStringsToNull->handle(Object(Illuminate/Http/Request), Object(Closure))
#33 D:/KLTN_badminton_Laravel/KLTN_badminton/backend-laravel/vendor/laravel/framework/src/Illuminate/Foundation/Http/Middleware/TransformsRequest.php(21): Illuminate/Pipeline/Pipeline->Illuminate/Pipeline/{closure}(Object(Illuminate/Http/Request))
#34 D:/KLTN_badminton_Laravel/KLTN_badminton/backend-laravel/vendor/laravel/framework/src/Illuminate/Foundation/Http/Middleware/TrimStrings.php(51): Illuminate/Foundation/Http/Middleware/TransformsRequest->handle(Object(Illuminate/Http/Request), Object(Closure))
#35 D:/KLTN_badminton_Laravel/KLTN_badminton/backend-laravel/vendor/laravel/framework/src/Illuminate/Pipeline/Pipeline.php(219): Illuminate/Foundation/Http/Middleware/TrimStrings->handle(Object(Illuminate/Http/Request), Object(Closure))
#36 D:/KLTN_badminton_Laravel/KLTN_badminton/backend-laravel/vendor/laravel/framework/src/Illuminate/Http/Middleware/ValidatePostSize.php(27): Illuminate/Pipeline/Pipeline->Illuminate/Pipeline/{closure}(Object(Illuminate/Http/Request))
#37 D:/KLTN_badminton_Laravel/KLTN_badminton/backend-laravel/vendor/laravel/framework/src/Illuminate/Pipeline/Pipeline.php(219): Illuminate/Http/Middleware/ValidatePostSize->handle(Object(Illuminate/Http/Request), Object(Closure))
#38 D:/KLTN_badminton_Laravel/KLTN_badminton/backend-laravel/vendor/laravel/framework/src/Illuminate/Foundation/Http/Middleware/PreventRequestsDuringMaintenance.php(109): Illuminate/Pipeline/Pipeline->Illuminate/Pipeline/{closure}(Object(Illuminate/Http/Request))
#39 D:/KLTN_badminton_Laravel/KLTN_badminton/backend-laravel/vendor/laravel/framework/src/Illuminate/Pipeline/Pipeline.php(219): Illuminate/Foundation/Http/Middleware/PreventRequestsDuringMaintenance->handle(Object(Illuminate/Http/Request), Object(Closure))
#40 D:/KLTN_badminton_Laravel/KLTN_badminton/backend-laravel/vendor/laravel/framework/src/Illuminate/Http/Middleware/HandleCors.php(74): Illuminate/Pipeline/Pipeline->Illuminate/Pipeline/{closure}(Object(Illuminate/Http/Request))
#41 D:/KLTN_badminton_Laravel/KLTN_badminton/backend-laravel/vendor/laravel/framework/src/Illuminate/Pipeline/Pipeline.php(219): Illuminate/Http/Middleware/HandleCors->handle(Object(Illuminate/Http/Request), Object(Closure))
#42 D:/KLTN_badminton_Laravel/KLTN_badminton/backend-laravel/vendor/laravel/framework/src/Illuminate/Http/Middleware/TrustProxies.php(58): Illuminate/Pipeline/Pipeline->Illuminate/Pipeline/{closure}(Object(Illuminate/Http/Request))
#43 D:/KLTN_badminton_Laravel/KLTN_badminton/backend-laravel/vendor/laravel/framework/src/Illuminate/Pipeline/Pipeline.php(219): Illuminate/Http/Middleware/TrustProxies->handle(Object(Illuminate/Http/Request), Object(Closure))
#44 D:/KLTN_badminton_Laravel/KLTN_badminton/backend-laravel/vendor/laravel/framework/src/Illuminate/Foundation/Http/Middleware/InvokeDeferredCallbacks.php(22): Illuminate/Pipeline/Pipeline->Illuminate/Pipeline/{closure}(Object(Illuminate/Http/Request))
#45 D:/KLTN_badminton_Laravel/KLTN_badminton/backend-laravel/vendor/laravel/framework/src/Illuminate/Pipeline/Pipeline.php(219): Illuminate/Foundation/Http/Middleware/InvokeDeferredCallbacks->handle(Object(Illuminate/Http/Request), Object(Closure))
#46 D:/KLTN_badminton_Laravel/KLTN_badminton/backend-laravel/vendor/laravel/framework/src/Illuminate/Http/Middleware/ValidatePathEncoding.php(26): Illuminate/Pipeline/Pipeline->Illuminate/Pipeline/{closure}(Object(Illuminate/Http/Request))
#47 D:/KLTN_badminton_Laravel/KLTN_badminton/backend-laravel/vendor/laravel/framework/src/Illuminate/Pipeline/Pipeline.php(219): Illuminate/Http/Middleware/ValidatePathEncoding->handle(Object(Illuminate/Http/Request), Object(Closure))
#48 D:/KLTN_badminton_Laravel/KLTN_badminton/backend-laravel/vendor/laravel/framework/src/Illuminate/Pipeline/Pipeline.php(137): Illuminate/Pipeline/Pipeline->Illuminate/Pipeline/{closure}(Object(Illuminate/Http/Request))
#49 D:/KLTN_badminton_Laravel/KLTN_badminton/backend-laravel/vendor/laravel/framework/src/Illuminate/Foundation/Http/Kernel.php(175): Illuminate/Pipeline/Pipeline->then(Object(Closure))
#50 D:/KLTN_badminton_Laravel/KLTN_badminton/backend-laravel/vendor/laravel/framework/src/Illuminate/Foundation/Http/Kernel.php(144): Illuminate/Foundation/Http/Kernel->sendRequestThroughRouter(Object(Illuminate/Http/Request))
#51 D:/KLTN_badminton_Laravel/KLTN_badminton/backend-laravel/vendor/laravel/framework/src/Illuminate/Foundation/Application.php(1220): Illuminate/Foundation/Http/Kernel->handle(Object(Illuminate/Http/Request))
#52 D:/KLTN_badminton_Laravel/KLTN_badminton/backend-laravel/public/index.php(20): Illuminate/Foundation/Application->handleRequest(Object(Illuminate/Http/Request))
#53 D:/KLTN_badminton_Laravel/KLTN_badminton/backend-laravel/vendor/laravel/framework/src/Illuminate/Foundation/resources/server.php(23): require_once('D://KLTN_badmint...')
#54 {main}
"} 
[2026-09-04 15:37:04] local.ERROR: Failed to authenticate on SMTP server with username "anhminh20221@gmail.com" using the following authenticators: "LOGIN", "PLAIN", "XOAUTH2". Authenticator "LOGIN" returned "Expected response code "235" but got code "535", with message "535-5.7.8 Username and Password not accepted. For more information, go to
535 5.7.8  https://support.google.com/mail/?p=BadCredentials 98e67ed59e1d1-39b08c3a526sm11248051a91.10 - gsmtp".". Authenticator "PLAIN" returned "Expected response code "235" but got code "535", with message "535-5.7.8 Username and Password not accepted. For more information, go to
535 5.7.8  https://support.google.com/mail/?p=BadCredentials 98e67ed59e1d1-39b08c3a526sm11248051a91.10 - gsmtp".". Authenticator "XOAUTH2" returned "Expected response code "235" but got code "334", with message "334 eyJzdGF0dXMiOiI0MDAiLCJzY2hlbWVzIjoiQmVhcmVyIiwic2NvcGUiOiJodHRwczovL21haWwuZ29vZ2xlLmNvbS8ifQ==".". {"exception":"[object] (Symfony\\Component\\Mailer\\Exception\\TransportException(code: 334): Failed to authenticate on SMTP server with username \"anhminh20221@gmail.com\" using the following authenticators: \"LOGIN\", \"PLAIN\", \"XOAUTH2\". Authenticator \"LOGIN\" returned \"Expected response code \"235\" but got code \"535\", with message \"535-5.7.8 Username and Password not accepted. For more information, go to

535 5.7.8  https://support.google.com/mail/?p=BadCredentials 98e67ed59e1d1-39b08c3a526sm11248051a91.10 - gsmtp\".\". Authenticator \"PLAIN\" returned \"Expected response code \"235\" but got code \"535\", with message \"535-5.7.8 Username and Password not accepted. For more information, go to

535 5.7.8  https://support.google.com/mail/?p=BadCredentials 98e67ed59e1d1-39b08c3a526sm11248051a91.10 - gsmtp\".\". Authenticator \"XOAUTH2\" returned \"Expected response code \"235\" but got code \"334\", with message \"334 eyJzdGF0dXMiOiI0MDAiLCJzY2hlbWVzIjoiQmVhcmVyIiwic2NvcGUiOiJodHRwczovL21haWwuZ29vZ2xlLmNvbS8ifQ==\".\". at D:/KLTN_badminton_Laravel/KLTN_badminton/backend-laravel/vendor/symfony/mailer/Transport/Smtp/EsmtpTransport.php:269)
[stacktrace]
#0 D:/KLTN_badminton_Laravel/KLTN_badminton/backend-laravel/vendor/symfony/mailer/Transport/Smtp/EsmtpTransport.php(199): Symfony/Component/Mailer/Transport/Smtp/EsmtpTransport->handleAuth(Array)
#1 D:/KLTN_badminton_Laravel/KLTN_badminton/backend-laravel/vendor/symfony/mailer/Transport/Smtp/EsmtpTransport.php(150): Symfony/Component/Mailer/Transport/Smtp/EsmtpTransport->doEhloCommand()
#2 D:/KLTN_badminton_Laravel/KLTN_badminton/backend-laravel/vendor/symfony/mailer/Transport/Smtp/SmtpTransport.php(258): Symfony/Component/Mailer/Transport/Smtp/EsmtpTransport->executeCommand('HELO localhost/r...', Array)
#3 D:/KLTN_badminton_Laravel/KLTN_badminton/backend-laravel/vendor/symfony/mailer/Transport/Smtp/SmtpTransport.php(284): Symfony/Component/Mailer/Transport/Smtp/SmtpTransport->doHeloCommand()
#4 D:/KLTN_badminton_Laravel/KLTN_badminton/backend-laravel/vendor/symfony/mailer/Transport/Smtp/SmtpTransport.php(214): Symfony/Component/Mailer/Transport/Smtp/SmtpTransport->start()
#5 D:/KLTN_badminton_Laravel/KLTN_badminton/backend-laravel/vendor/symfony/mailer/Transport/AbstractTransport.php(69): Symfony/Component/Mailer/Transport/Smtp/SmtpTransport->doSend(Object(Symfony/Component/Mailer/SentMessage))
#6 D:/KLTN_badminton_Laravel/KLTN_badminton/backend-laravel/vendor/symfony/mailer/Transport/Smtp/SmtpTransport.php(142): Symfony/Component/Mailer/Transport/AbstractTransport->send(Object(Symfony/Component/Mime/Email), Object(Symfony/Component/Mailer/DelayedEnvelope))
#7 D:/KLTN_badminton_Laravel/KLTN_badminton/backend-laravel/vendor/laravel/framework/src/Illuminate/Mail/Mailer.php(584): Symfony/Component/Mailer/Transport/Smtp/SmtpTransport->send(Object(Symfony/Component/Mime/Email), Object(Symfony/Component/Mailer/DelayedEnvelope))
#8 D:/KLTN_badminton_Laravel/KLTN_badminton/backend-laravel/vendor/laravel/framework/src/Illuminate/Mail/Mailer.php(331): Illuminate/Mail/Mailer->sendSymfonyMessage(Object(Symfony/Component/Mime/Email))
#9 D:/KLTN_badminton_Laravel/KLTN_badminton/backend-laravel/vendor/laravel/framework/src/Illuminate/Mail/Mailer.php(223): Illuminate/Mail/Mailer->send(NULL, Array, Object(Closure))
#10 D:/KLTN_badminton_Laravel/KLTN_badminton/backend-laravel/vendor/laravel/framework/src/Illuminate/Mail/MailManager.php(623): Illuminate/Mail/Mailer->raw('Xin ch/xC3/xA0o Nguy/xE1...', Object(Closure))
#11 D:/KLTN_badminton_Laravel/KLTN_badminton/backend-laravel/vendor/laravel/framework/src/Illuminate/Support/Facades/Facade.php(363): Illuminate/Mail/MailManager->__call('raw', Array)
#12 D:/KLTN_badminton_Laravel/KLTN_badminton/backend-laravel/app/Http/Controllers/ForgotPasswordController.php(77): Illuminate/Support/Facades/Facade::__callStatic('raw', Array)
#13 D:/KLTN_badminton_Laravel/KLTN_badminton/backend-laravel/vendor/laravel/framework/src/Illuminate/Routing/ControllerDispatcher.php(46): App/Http/Controllers/ForgotPasswordController->sendOtp(Object(Illuminate/Http/Request))
#14 D:/KLTN_badminton_Laravel/KLTN_badminton/backend-laravel/vendor/laravel/framework/src/Illuminate/Routing/Route.php(265): Illuminate/Routing/ControllerDispatcher->dispatch(Object(Illuminate/Routing/Route), Object(App/Http/Controllers/ForgotPasswordController), 'sendOtp')
#15 D:/KLTN_badminton_Laravel/KLTN_badminton/backend-laravel/vendor/laravel/framework/src/Illuminate/Routing/Route.php(211): Illuminate/Routing/Route->runController()
#16 D:/KLTN_badminton_Laravel/KLTN_badminton/backend-laravel/vendor/laravel/framework/src/Illuminate/Routing/Router.php(822): Illuminate/Routing/Route->run()
#17 D:/KLTN_badminton_Laravel/KLTN_badminton/backend-laravel/vendor/laravel/framework/src/Illuminate/Pipeline/Pipeline.php(180): Illuminate/Routing/Router->Illuminate/Routing/{closure}(Object(Illuminate/Http/Request))
#18 D:/KLTN_badminton_Laravel/KLTN_badminton/backend-laravel/vendor/laravel/framework/src/Illuminate/Routing/Middleware/SubstituteBindings.php(50): Illuminate/Pipeline/Pipeline->Illuminate/Pipeline/{closure}(Object(Illuminate/Http/Request))
#19 D:/KLTN_badminton_Laravel/KLTN_badminton/backend-laravel/vendor/laravel/framework/src/Illuminate/Pipeline/Pipeline.php(219): Illuminate/Routing/Middleware/SubstituteBindings->handle(Object(Illuminate/Http/Request), Object(Closure))
#20 D:/KLTN_badminton_Laravel/KLTN_badminton/backend-laravel/vendor/laravel/framework/src/Illuminate/Routing/Middleware/ThrottleRequests.php(166): Illuminate/Pipeline/Pipeline->Illuminate/Pipeline/{closure}(Object(Illuminate/Http/Request))
#21 D:/KLTN_badminton_Laravel/KLTN_badminton/backend-laravel/vendor/laravel/framework/src/Illuminate/Routing/Middleware/ThrottleRequests.php(93): Illuminate/Routing/Middleware/ThrottleRequests->handleRequest(Object(Illuminate/Http/Request), Object(Closure), Array)
#22 D:/KLTN_badminton_Laravel/KLTN_badminton/backend-laravel/vendor/laravel/framework/src/Illuminate/Pipeline/Pipeline.php(219): Illuminate/Routing/Middleware/ThrottleRequests->handle(Object(Illuminate/Http/Request), Object(Closure), '5', '1')
#23 D:/KLTN_badminton_Laravel/KLTN_badminton/backend-laravel/vendor/laravel/framework/src/Illuminate/Pipeline/Pipeline.php(137): Illuminate/Pipeline/Pipeline->Illuminate/Pipeline/{closure}(Object(Illuminate/Http/Request))
#24 D:/KLTN_badminton_Laravel/KLTN_badminton/backend-laravel/vendor/laravel/framework/src/Illuminate/Routing/Router.php(821): Illuminate/Pipeline/Pipeline->then(Object(Closure))
#25 D:/KLTN_badminton_Laravel/KLTN_badminton/backend-laravel/vendor/laravel/framework/src/Illuminate/Routing/Router.php(800): Illuminate/Routing/Router->runRouteWithinStack(Object(Illuminate/Routing/Route), Object(Illuminate/Http/Request))
#26 D:/KLTN_badminton_Laravel/KLTN_badminton/backend-laravel/vendor/laravel/framework/src/Illuminate/Routing/Router.php(764): Illuminate/Routing/Router->runRoute(Object(Illuminate/Http/Request), Object(Illuminate/Routing/Route))
#27 D:/KLTN_badminton_Laravel/KLTN_badminton/backend-laravel/vendor/laravel/framework/src/Illuminate/Routing/Router.php(753): Illuminate/Routing/Router->dispatchToRoute(Object(Illuminate/Http/Request))
#28 D:/KLTN_badminton_Laravel/KLTN_badminton/backend-laravel/vendor/laravel/framework/src/Illuminate/Foundation/Http/Kernel.php(200): Illuminate/Routing/Router->dispatch(Object(Illuminate/Http/Request))
#29 D:/KLTN_badminton_Laravel/KLTN_badminton/backend-laravel/vendor/laravel/framework/src/Illuminate/Pipeline/Pipeline.php(180): Illuminate/Foundation/Http/Kernel->Illuminate/Foundation/Http/{closure}(Object(Illuminate/Http/Request))
#30 D:/KLTN_badminton_Laravel/KLTN_badminton/backend-laravel/vendor/laravel/framework/src/Illuminate/Foundation/Http/Middleware/TransformsRequest.php(21): Illuminate/Pipeline/Pipeline->Illuminate/Pipeline/{closure}(Object(Illuminate/Http/Request))
#31 D:/KLTN_badminton_Laravel/KLTN_badminton/backend-laravel/vendor/laravel/framework/src/Illuminate/Foundation/Http/Middleware/ConvertEmptyStringsToNull.php(31): Illuminate/Foundation/Http/Middleware/TransformsRequest->handle(Object(Illuminate/Http/Request), Object(Closure))
#32 D:/KLTN_badminton_Laravel/KLTN_badminton/backend-laravel/vendor/laravel/framework/src/Illuminate/Pipeline/Pipeline.php(219): Illuminate/Foundation/Http/Middleware/ConvertEmptyStringsToNull->handle(Object(Illuminate/Http/Request), Object(Closure))
#33 D:/KLTN_badminton_Laravel/KLTN_badminton/backend-laravel/vendor/laravel/framework/src/Illuminate/Foundation/Http/Middleware/TransformsRequest.php(21): Illuminate/Pipeline/Pipeline->Illuminate/Pipeline/{closure}(Object(Illuminate/Http/Request))
#34 D:/KLTN_badminton_Laravel/KLTN_badminton/backend-laravel/vendor/laravel/framework/src/Illuminate/Foundation/Http/Middleware/TrimStrings.php(51): Illuminate/Foundation/Http/Middleware/TransformsRequest->handle(Object(Illuminate/Http/Request), Object(Closure))
#35 D:/KLTN_badminton_Laravel/KLTN_badminton/backend-laravel/vendor/laravel/framework/src/Illuminate/Pipeline/Pipeline.php(219): Illuminate/Foundation/Http/Middleware/TrimStrings->handle(Object(Illuminate/Http/Request), Object(Closure))
#36 D:/KLTN_badminton_Laravel/KLTN_badminton/backend-laravel/vendor/laravel/framework/src/Illuminate/Http/Middleware/ValidatePostSize.php(27): Illuminate/Pipeline/Pipeline->Illuminate/Pipeline/{closure}(Object(Illuminate/Http/Request))
#37 D:/KLTN_badminton_Laravel/KLTN_badminton/backend-laravel/vendor/laravel/framework/src/Illuminate/Pipeline/Pipeline.php(219): Illuminate/Http/Middleware/ValidatePostSize->handle(Object(Illuminate/Http/Request), Object(Closure))
#38 D:/KLTN_badminton_Laravel/KLTN_badminton/backend-laravel/vendor/laravel/framework/src/Illuminate/Foundation/Http/Middleware/PreventRequestsDuringMaintenance.php(109): Illuminate/Pipeline/Pipeline->Illuminate/Pipeline/{closure}(Object(Illuminate/Http/Request))
#39 D:/KLTN_badminton_Laravel/KLTN_badminton/backend-laravel/vendor/laravel/framework/src/Illuminate/Pipeline/Pipeline.php(219): Illuminate/Foundation/Http/Middleware/PreventRequestsDuringMaintenance->handle(Object(Illuminate/Http/Request), Object(Closure))
#40 D:/KLTN_badminton_Laravel/KLTN_badminton/backend-laravel/vendor/laravel/framework/src/Illuminate/Http/Middleware/HandleCors.php(74): Illuminate/Pipeline/Pipeline->Illuminate/Pipeline/{closure}(Object(Illuminate/Http/Request))
#41 D:/KLTN_badminton_Laravel/KLTN_badminton/backend-laravel/vendor/laravel/framework/src/Illuminate/Pipeline/Pipeline.php(219): Illuminate/Http/Middleware/HandleCors->handle(Object(Illuminate/Http/Request), Object(Closure))
#42 D:/KLTN_badminton_Laravel/KLTN_badminton/backend-laravel/vendor/laravel/framework/src/Illuminate/Http/Middleware/TrustProxies.php(58): Illuminate/Pipeline/Pipeline->Illuminate/Pipeline/{closure}(Object(Illuminate/Http/Request))
#43 D:/KLTN_badminton_Laravel/KLTN_badminton/backend-laravel/vendor/laravel/framework/src/Illuminate/Pipeline/Pipeline.php(219): Illuminate/Http/Middleware/TrustProxies->handle(Object(Illuminate/Http/Request), Object(Closure))
#44 D:/KLTN_badminton_Laravel/KLTN_badminton/backend-laravel/vendor/laravel/framework/src/Illuminate/Foundation/Http/Middleware/InvokeDeferredCallbacks.php(22): Illuminate/Pipeline/Pipeline->Illuminate/Pipeline/{closure}(Object(Illuminate/Http/Request))
#45 D:/KLTN_badminton_Laravel/KLTN_badminton/backend-laravel/vendor/laravel/framework/src/Illuminate/Pipeline/Pipeline.php(219): Illuminate/Foundation/Http/Middleware/InvokeDeferredCallbacks->handle(Object(Illuminate/Http/Request), Object(Closure))
#46 D:/KLTN_badminton_Laravel/KLTN_badminton/backend-laravel/vendor/laravel/framework/src/Illuminate/Http/Middleware/ValidatePathEncoding.php(26): Illuminate/Pipeline/Pipeline->Illuminate/Pipeline/{closure}(Object(Illuminate/Http/Request))
#47 D:/KLTN_badminton_Laravel/KLTN_badminton/backend-laravel/vendor/laravel/framework/src/Illuminate/Pipeline/Pipeline.php(219): Illuminate/Http/Middleware/ValidatePathEncoding->handle(Object(Illuminate/Http/Request), Object(Closure))
#48 D:/KLTN_badminton_Laravel/KLTN_badminton/backend-laravel/vendor/laravel/framework/src/Illuminate/Pipeline/Pipeline.php(137): Illuminate/Pipeline/Pipeline->Illuminate/Pipeline/{closure}(Object(Illuminate/Http/Request))
#49 D:/KLTN_badminton_Laravel/KLTN_badminton/backend-laravel/vendor/laravel/framework/src/Illuminate/Foundation/Http/Kernel.php(175): Illuminate/Pipeline/Pipeline->then(Object(Closure))
#50 D:/KLTN_badminton_Laravel/KLTN_badminton/backend-laravel/vendor/laravel/framework/src/Illuminate/Foundation/Http/Kernel.php(144): Illuminate/Foundation/Http/Kernel->sendRequestThroughRouter(Object(Illuminate/Http/Request))
#51 D:/KLTN_badminton_Laravel/KLTN_badminton/backend-laravel/vendor/laravel/framework/src/Illuminate/Foundation/Application.php(1220): Illuminate/Foundation/Http/Kernel->handle(Object(Illuminate/Http/Request))
#52 D:/KLTN_badminton_Laravel/KLTN_badminton/backend-laravel/public/index.php(20): Illuminate/Foundation/Application->handleRequest(Object(Illuminate/Http/Request))
#53 D:/KLTN_badminton_Laravel/KLTN_badminton/backend-laravel/vendor/laravel/framework/src/Illuminate/Foundation/resources/server.php(23): require_once('D://KLTN_badmint...')
#54 {main}
"} 
[2026-09-04 16:17:01] local.ERROR: Failed to authenticate on SMTP server with username "anhminh20221@gmail.com" using the following authenticators: "LOGIN", "PLAIN", "XOAUTH2". Authenticator "LOGIN" returned "Expected response code "235" but got code "535", with message "535-5.7.8 Username and Password not accepted. For more information, go to
535 5.7.8  https://support.google.com/mail/?p=BadCredentials 98e67ed59e1d1-39b261549f3sm5169434a91.16 - gsmtp".". Authenticator "PLAIN" returned "Expected response code "235" but got code "535", with message "535-5.7.8 Username and Password not accepted. For more information, go to
535 5.7.8  https://support.google.com/mail/?p=BadCredentials 98e67ed59e1d1-39b261549f3sm5169434a91.16 - gsmtp".". Authenticator "XOAUTH2" returned "Expected response code "235" but got code "334", with message "334 eyJzdGF0dXMiOiI0MDAiLCJzY2hlbWVzIjoiQmVhcmVyIiwic2NvcGUiOiJodHRwczovL21haWwuZ29vZ2xlLmNvbS8ifQ==".". {"exception":"[object] (Symfony\\Component\\Mailer\\Exception\\TransportException(code: 334): Failed to authenticate on SMTP server with username \"anhminh20221@gmail.com\" using the following authenticators: \"LOGIN\", \"PLAIN\", \"XOAUTH2\". Authenticator \"LOGIN\" returned \"Expected response code \"235\" but got code \"535\", with message \"535-5.7.8 Username and Password not accepted. For more information, go to

535 5.7.8  https://support.google.com/mail/?p=BadCredentials 98e67ed59e1d1-39b261549f3sm5169434a91.16 - gsmtp\".\". Authenticator \"PLAIN\" returned \"Expected response code \"235\" but got code \"535\", with message \"535-5.7.8 Username and Password not accepted. For more information, go to

535 5.7.8  https://support.google.com/mail/?p=BadCredentials 98e67ed59e1d1-39b261549f3sm5169434a91.16 - gsmtp\".\". Authenticator \"XOAUTH2\" returned \"Expected response code \"235\" but got code \"334\", with message \"334 eyJzdGF0dXMiOiI0MDAiLCJzY2hlbWVzIjoiQmVhcmVyIiwic2NvcGUiOiJodHRwczovL21haWwuZ29vZ2xlLmNvbS8ifQ==\".\". at D:/KLTN_badminton_Laravel/KLTN_badminton/backend-laravel/vendor/symfony/mailer/Transport/Smtp/EsmtpTransport.php:269)
[stacktrace]
#0 D:/KLTN_badminton_Laravel/KLTN_badminton/backend-laravel/vendor/symfony/mailer/Transport/Smtp/EsmtpTransport.php(199): Symfony/Component/Mailer/Transport/Smtp/EsmtpTransport->handleAuth(Array)
#1 D:/KLTN_badminton_Laravel/KLTN_badminton/backend-laravel/vendor/symfony/mailer/Transport/Smtp/EsmtpTransport.php(150): Symfony/Component/Mailer/Transport/Smtp/EsmtpTransport->doEhloCommand()
#2 D:/KLTN_badminton_Laravel/KLTN_badminton/backend-laravel/vendor/symfony/mailer/Transport/Smtp/SmtpTransport.php(258): Symfony/Component/Mailer/Transport/Smtp/EsmtpTransport->executeCommand('HELO localhost/r...', Array)
#3 D:/KLTN_badminton_Laravel/KLTN_badminton/backend-laravel/vendor/symfony/mailer/Transport/Smtp/SmtpTransport.php(284): Symfony/Component/Mailer/Transport/Smtp/SmtpTransport->doHeloCommand()
#4 D:/KLTN_badminton_Laravel/KLTN_badminton/backend-laravel/vendor/symfony/mailer/Transport/Smtp/SmtpTransport.php(214): Symfony/Component/Mailer/Transport/Smtp/SmtpTransport->start()
#5 D:/KLTN_badminton_Laravel/KLTN_badminton/backend-laravel/vendor/symfony/mailer/Transport/AbstractTransport.php(69): Symfony/Component/Mailer/Transport/Smtp/SmtpTransport->doSend(Object(Symfony/Component/Mailer/SentMessage))
#6 D:/KLTN_badminton_Laravel/KLTN_badminton/backend-laravel/vendor/symfony/mailer/Transport/Smtp/SmtpTransport.php(142): Symfony/Component/Mailer/Transport/AbstractTransport->send(Object(Symfony/Component/Mime/Email), Object(Symfony/Component/Mailer/DelayedEnvelope))
#7 D:/KLTN_badminton_Laravel/KLTN_badminton/backend-laravel/vendor/laravel/framework/src/Illuminate/Mail/Mailer.php(584): Symfony/Component/Mailer/Transport/Smtp/SmtpTransport->send(Object(Symfony/Component/Mime/Email), Object(Symfony/Component/Mailer/DelayedEnvelope))
#8 D:/KLTN_badminton_Laravel/KLTN_badminton/backend-laravel/vendor/laravel/framework/src/Illuminate/Mail/Mailer.php(331): Illuminate/Mail/Mailer->sendSymfonyMessage(Object(Symfony/Component/Mime/Email))
#9 D:/KLTN_badminton_Laravel/KLTN_badminton/backend-laravel/vendor/laravel/framework/src/Illuminate/Mail/Mailer.php(223): Illuminate/Mail/Mailer->send(NULL, Array, Object(Closure))
#10 D:/KLTN_badminton_Laravel/KLTN_badminton/backend-laravel/vendor/laravel/framework/src/Illuminate/Mail/MailManager.php(623): Illuminate/Mail/Mailer->raw('Xin ch/xC3/xA0o Nguy/xE1...', Object(Closure))
#11 D:/KLTN_badminton_Laravel/KLTN_badminton/backend-laravel/vendor/laravel/framework/src/Illuminate/Support/Facades/Facade.php(363): Illuminate/Mail/MailManager->__call('raw', Array)
#12 D:/KLTN_badminton_Laravel/KLTN_badminton/backend-laravel/app/Http/Controllers/ForgotPasswordController.php(77): Illuminate/Support/Facades/Facade::__callStatic('raw', Array)
#13 D:/KLTN_badminton_Laravel/KLTN_badminton/backend-laravel/vendor/laravel/framework/src/Illuminate/Routing/ControllerDispatcher.php(46): App/Http/Controllers/ForgotPasswordController->sendOtp(Object(Illuminate/Http/Request))
#14 D:/KLTN_badminton_Laravel/KLTN_badminton/backend-laravel/vendor/laravel/framework/src/Illuminate/Routing/Route.php(265): Illuminate/Routing/ControllerDispatcher->dispatch(Object(Illuminate/Routing/Route), Object(App/Http/Controllers/ForgotPasswordController), 'sendOtp')
#15 D:/KLTN_badminton_Laravel/KLTN_badminton/backend-laravel/vendor/laravel/framework/src/Illuminate/Routing/Route.php(211): Illuminate/Routing/Route->runController()
#16 D:/KLTN_badminton_Laravel/KLTN_badminton/backend-laravel/vendor/laravel/framework/src/Illuminate/Routing/Router.php(822): Illuminate/Routing/Route->run()
#17 D:/KLTN_badminton_Laravel/KLTN_badminton/backend-laravel/vendor/laravel/framework/src/Illuminate/Pipeline/Pipeline.php(180): Illuminate/Routing/Router->Illuminate/Routing/{closure}(Object(Illuminate/Http/Request))
#18 D:/KLTN_badminton_Laravel/KLTN_badminton/backend-laravel/vendor/laravel/framework/src/Illuminate/Routing/Middleware/SubstituteBindings.php(50): Illuminate/Pipeline/Pipeline->Illuminate/Pipeline/{closure}(Object(Illuminate/Http/Request))
#19 D:/KLTN_badminton_Laravel/KLTN_badminton/backend-laravel/vendor/laravel/framework/src/Illuminate/Pipeline/Pipeline.php(219): Illuminate/Routing/Middleware/SubstituteBindings->handle(Object(Illuminate/Http/Request), Object(Closure))
#20 D:/KLTN_badminton_Laravel/KLTN_badminton/backend-laravel/vendor/laravel/framework/src/Illuminate/Routing/Middleware/ThrottleRequests.php(166): Illuminate/Pipeline/Pipeline->Illuminate/Pipeline/{closure}(Object(Illuminate/Http/Request))
#21 D:/KLTN_badminton_Laravel/KLTN_badminton/backend-laravel/vendor/laravel/framework/src/Illuminate/Routing/Middleware/ThrottleRequests.php(93): Illuminate/Routing/Middleware/ThrottleRequests->handleRequest(Object(Illuminate/Http/Request), Object(Closure), Array)
#22 D:/KLTN_badminton_Laravel/KLTN_badminton/backend-laravel/vendor/laravel/framework/src/Illuminate/Pipeline/Pipeline.php(219): Illuminate/Routing/Middleware/ThrottleRequests->handle(Object(Illuminate/Http/Request), Object(Closure), '5', '1')
#23 D:/KLTN_badminton_Laravel/KLTN_badminton/backend-laravel/vendor/laravel/framework/src/Illuminate/Pipeline/Pipeline.php(137): Illuminate/Pipeline/Pipeline->Illuminate/Pipeline/{closure}(Object(Illuminate/Http/Request))
#24 D:/KLTN_badminton_Laravel/KLTN_badminton/backend-laravel/vendor/laravel/framework/src/Illuminate/Routing/Router.php(821): Illuminate/Pipeline/Pipeline->then(Object(Closure))
#25 D:/KLTN_badminton_Laravel/KLTN_badminton/backend-laravel/vendor/laravel/framework/src/Illuminate/Routing/Router.php(800): Illuminate/Routing/Router->runRouteWithinStack(Object(Illuminate/Routing/Route), Object(Illuminate/Http/Request))
#26 D:/KLTN_badminton_Laravel/KLTN_badminton/backend-laravel/vendor/laravel/framework/src/Illuminate/Routing/Router.php(764): Illuminate/Routing/Router->runRoute(Object(Illuminate/Http/Request), Object(Illuminate/Routing/Route))
#27 D:/KLTN_badminton_Laravel/KLTN_badminton/backend-laravel/vendor/laravel/framework/src/Illuminate/Routing/Router.php(753): Illuminate/Routing/Router->dispatchToRoute(Object(Illuminate/Http/Request))
#28 D:/KLTN_badminton_Laravel/KLTN_badminton/backend-laravel/vendor/laravel/framework/src/Illuminate/Foundation/Http/Kernel.php(200): Illuminate/Routing/Router->dispatch(Object(Illuminate/Http/Request))
#29 D:/KLTN_badminton_Laravel/KLTN_badminton/backend-laravel/vendor/laravel/framework/src/Illuminate/Pipeline/Pipeline.php(180): Illuminate/Foundation/Http/Kernel->Illuminate/Foundation/Http/{closure}(Object(Illuminate/Http/Request))
#30 D:/KLTN_badminton_Laravel/KLTN_badminton/backend-laravel/vendor/laravel/framework/src/Illuminate/Foundation/Http/Middleware/TransformsRequest.php(21): Illuminate/Pipeline/Pipeline->Illuminate/Pipeline/{closure}(Object(Illuminate/Http/Request))
#31 D:/KLTN_badminton_Laravel/KLTN_badminton/backend-laravel/vendor/laravel/framework/src/Illuminate/Foundation/Http/Middleware/ConvertEmptyStringsToNull.php(31): Illuminate/Foundation/Http/Middleware/TransformsRequest->handle(Object(Illuminate/Http/Request), Object(Closure))
#32 D:/KLTN_badminton_Laravel/KLTN_badminton/backend-laravel/vendor/laravel/framework/src/Illuminate/Pipeline/Pipeline.php(219): Illuminate/Foundation/Http/Middleware/ConvertEmptyStringsToNull->handle(Object(Illuminate/Http/Request), Object(Closure))
#33 D:/KLTN_badminton_Laravel/KLTN_badminton/backend-laravel/vendor/laravel/framework/src/Illuminate/Foundation/Http/Middleware/TransformsRequest.php(21): Illuminate/Pipeline/Pipeline->Illuminate/Pipeline/{closure}(Object(Illuminate/Http/Request))
#34 D:/KLTN_badminton_Laravel/KLTN_badminton/backend-laravel/vendor/laravel/framework/src/Illuminate/Foundation/Http/Middleware/TrimStrings.php(51): Illuminate/Foundation/Http/Middleware/TransformsRequest->handle(Object(Illuminate/Http/Request), Object(Closure))
#35 D:/KLTN_badminton_Laravel/KLTN_badminton/backend-laravel/vendor/laravel/framework/src/Illuminate/Pipeline/Pipeline.php(219): Illuminate/Foundation/Http/Middleware/TrimStrings->handle(Object(Illuminate/Http/Request), Object(Closure))
#36 D:/KLTN_badminton_Laravel/KLTN_badminton/backend-laravel/vendor/laravel/framework/src/Illuminate/Http/Middleware/ValidatePostSize.php(27): Illuminate/Pipeline/Pipeline->Illuminate/Pipeline/{closure}(Object(Illuminate/Http/Request))
#37 D:/KLTN_badminton_Laravel/KLTN_badminton/backend-laravel/vendor/laravel/framework/src/Illuminate/Pipeline/Pipeline.php(219): Illuminate/Http/Middleware/ValidatePostSize->handle(Object(Illuminate/Http/Request), Object(Closure))
#38 D:/KLTN_badminton_Laravel/KLTN_badminton/backend-laravel/vendor/laravel/framework/src/Illuminate/Foundation/Http/Middleware/PreventRequestsDuringMaintenance.php(109): Illuminate/Pipeline/Pipeline->Illuminate/Pipeline/{closure}(Object(Illuminate/Http/Request))
#39 D:/KLTN_badminton_Laravel/KLTN_badminton/backend-laravel/vendor/laravel/framework/src/Illuminate/Pipeline/Pipeline.php(219): Illuminate/Foundation/Http/Middleware/PreventRequestsDuringMaintenance->handle(Object(Illuminate/Http/Request), Object(Closure))
#40 D:/KLTN_badminton_Laravel/KLTN_badminton/backend-laravel/vendor/laravel/framework/src/Illuminate/Http/Middleware/HandleCors.php(74): Illuminate/Pipeline/Pipeline->Illuminate/Pipeline/{closure}(Object(Illuminate/Http/Request))
#41 D:/KLTN_badminton_Laravel/KLTN_badminton/backend-laravel/vendor/laravel/framework/src/Illuminate/Pipeline/Pipeline.php(219): Illuminate/Http/Middleware/HandleCors->handle(Object(Illuminate/Http/Request), Object(Closure))
#42 D:/KLTN_badminton_Laravel/KLTN_badminton/backend-laravel/vendor/laravel/framework/src/Illuminate/Http/Middleware/TrustProxies.php(58): Illuminate/Pipeline/Pipeline->Illuminate/Pipeline/{closure}(Object(Illuminate/Http/Request))
#43 D:/KLTN_badminton_Laravel/KLTN_badminton/backend-laravel/vendor/laravel/framework/src/Illuminate/Pipeline/Pipeline.php(219): Illuminate/Http/Middleware/TrustProxies->handle(Object(Illuminate/Http/Request), Object(Closure))
#44 D:/KLTN_badminton_Laravel/KLTN_badminton/backend-laravel/vendor/laravel/framework/src/Illuminate/Foundation/Http/Middleware/InvokeDeferredCallbacks.php(22): Illuminate/Pipeline/Pipeline->Illuminate/Pipeline/{closure}(Object(Illuminate/Http/Request))
#45 D:/KLTN_badminton_Laravel/KLTN_badminton/backend-laravel/vendor/laravel/framework/src/Illuminate/Pipeline/Pipeline.php(219): Illuminate/Foundation/Http/Middleware/InvokeDeferredCallbacks->handle(Object(Illuminate/Http/Request), Object(Closure))
#46 D:/KLTN_badminton_Laravel/KLTN_badminton/backend-laravel/vendor/laravel/framework/src/Illuminate/Http/Middleware/ValidatePathEncoding.php(26): Illuminate/Pipeline/Pipeline->Illuminate/Pipeline/{closure}(Object(Illuminate/Http/Request))
#47 D:/KLTN_badminton_Laravel/KLTN_badminton/backend-laravel/vendor/laravel/framework/src/Illuminate/Pipeline/Pipeline.php(219): Illuminate/Http/Middleware/ValidatePathEncoding->handle(Object(Illuminate/Http/Request), Object(Closure))
#48 D:/KLTN_badminton_Laravel/KLTN_badminton/backend-laravel/vendor/laravel/framework/src/Illuminate/Pipeline/Pipeline.php(137): Illuminate/Pipeline/Pipeline->Illuminate/Pipeline/{closure}(Object(Illuminate/Http/Request))
#49 D:/KLTN_badminton_Laravel/KLTN_badminton/backend-laravel/vendor/laravel/framework/src/Illuminate/Foundation/Http/Kernel.php(175): Illuminate/Pipeline/Pipeline->then(Object(Closure))
#50 D:/KLTN_badminton_Laravel/KLTN_badminton/backend-laravel/vendor/laravel/framework/src/Illuminate/Foundation/Http/Kernel.php(144): Illuminate/Foundation/Http/Kernel->sendRequestThroughRouter(Object(Illuminate/Http/Request))
#51 D:/KLTN_badminton_Laravel/KLTN_badminton/backend-laravel/vendor/laravel/framework/src/Illuminate/Foundation/Application.php(1220): Illuminate/Foundation/Http/Kernel->handle(Object(Illuminate/Http/Request))
#52 D:/KLTN_badminton_Laravel/KLTN_badminton/backend-laravel/public/index.php(20): Illuminate/Foundation/Application->handleRequest(Object(Illuminate/Http/Request))
#53 D:/KLTN_badminton_Laravel/KLTN_badminton/backend-laravel/vendor/laravel/framework/src/Illuminate/Foundation/resources/server.php(23): require_once('D://KLTN_badmint...')
#54 {main}
"} 
[2026-09-04 16:29:06] local.ERROR: No application encryption key has been specified. {"exception":"[object] (Illuminate\\Encryption\\MissingAppKeyException(code: 0): No application encryption key has been specified. at D:/KLTN_badminton_Laravel/KLTN_badminton/backend-laravel/vendor/laravel/framework/src/Illuminate/Encryption/EncryptionServiceProvider.php:83)
[stacktrace]
#0 D:/KLTN_badminton_Laravel/KLTN_badminton/backend-laravel/vendor/laravel/framework/src/Illuminate/Support/helpers.php(393): Illuminate/Encryption/EncryptionServiceProvider->Illuminate/Encryption/{closure}('')
#1 D:/KLTN_badminton_Laravel/KLTN_badminton/backend-laravel/vendor/laravel/framework/src/Illuminate/Encryption/EncryptionServiceProvider.php(81): tap('', Object(Closure))
#2 D:/KLTN_badminton_Laravel/KLTN_badminton/backend-laravel/vendor/laravel/framework/src/Illuminate/Encryption/EncryptionServiceProvider.php(64): Illuminate/Encryption/EncryptionServiceProvider->key(Array)
#3 D:/KLTN_badminton_Laravel/KLTN_badminton/backend-laravel/vendor/laravel/framework/src/Illuminate/Encryption/EncryptionServiceProvider.php(32): Illuminate/Encryption/EncryptionServiceProvider->parseKey(Array)
#4 D:/KLTN_badminton_Laravel/KLTN_badminton/backend-laravel/vendor/laravel/framework/src/Illuminate/Container/Container.php(1115): Illuminate/Encryption/EncryptionServiceProvider->Illuminate/Encryption/{closure}(Object(Illuminate/Foundation/Application), Array)
#5 D:/KLTN_badminton_Laravel/KLTN_badminton/backend-laravel/vendor/laravel/framework/src/Illuminate/Container/Container.php(933): Illuminate/Container/Container->build(Object(Closure))
#6 D:/KLTN_badminton_Laravel/KLTN_badminton/backend-laravel/vendor/laravel/framework/src/Illuminate/Foundation/Application.php(1078): Illuminate/Container/Container->resolve('encrypter', Array, true)
#7 D:/KLTN_badminton_Laravel/KLTN_badminton/backend-laravel/vendor/laravel/framework/src/Illuminate/Container/Container.php(864): Illuminate/Foundation/Application->resolve('encrypter', Array)
#8 D:/KLTN_badminton_Laravel/KLTN_badminton/backend-laravel/vendor/laravel/framework/src/Illuminate/Foundation/Application.php(1058): Illuminate/Container/Container->make('encrypter', Array)
#9 D:/KLTN_badminton_Laravel/KLTN_badminton/backend-laravel/vendor/laravel/framework/src/Illuminate/Container/Container.php(1336): Illuminate/Foundation/Application->make('encrypter')
#10 D:/KLTN_badminton_Laravel/KLTN_badminton/backend-laravel/vendor/laravel/framework/src/Illuminate/Container/Container.php(1237): Illuminate/Container/Container->resolveClass(Object(ReflectionParameter), 'Illuminate//Cont...')
#11 D:/KLTN_badminton_Laravel/KLTN_badminton/backend-laravel/vendor/laravel/framework/src/Illuminate/Container/Container.php(1162): Illuminate/Container/Container->resolveDependencies(Array)
#12 D:/KLTN_badminton_Laravel/KLTN_badminton/backend-laravel/vendor/laravel/framework/src/Illuminate/Container/Container.php(933): Illuminate/Container/Container->build('Illuminate//Cook...')
#13 D:/KLTN_badminton_Laravel/KLTN_badminton/backend-laravel/vendor/laravel/framework/src/Illuminate/Foundation/Application.php(1078): Illuminate/Container/Container->resolve('Illuminate//Cook...', Array, true)
#14 D:/KLTN_badminton_Laravel/KLTN_badminton/backend-laravel/vendor/laravel/framework/src/Illuminate/Container/Container.php(864): Illuminate/Foundation/Application->resolve('Illuminate//Cook...', Array)
#15 D:/KLTN_badminton_Laravel/KLTN_badminton/backend-laravel/vendor/laravel/framework/src/Illuminate/Foundation/Application.php(1058): Illuminate/Container/Container->make('Illuminate//Cook...', Array)
#16 D:/KLTN_badminton_Laravel/KLTN_badminton/backend-laravel/vendor/laravel/framework/src/Illuminate/Pipeline/Pipeline.php(208): Illuminate/Foundation/Application->make('Illuminate//Cook...')
#17 D:/KLTN_badminton_Laravel/KLTN_badminton/backend-laravel/vendor/laravel/framework/src/Illuminate/Pipeline/Pipeline.php(137): Illuminate/Pipeline/Pipeline->Illuminate/Pipeline/{closure}(Object(Illuminate/Http/Request))
#18 D:/KLTN_badminton_Laravel/KLTN_badminton/backend-laravel/vendor/laravel/framework/src/Illuminate/Routing/Router.php(821): Illuminate/Pipeline/Pipeline->then(Object(Closure))
#19 D:/KLTN_badminton_Laravel/KLTN_badminton/backend-laravel/vendor/laravel/framework/src/Illuminate/Routing/Router.php(800): Illuminate/Routing/Router->runRouteWithinStack(Object(Illuminate/Routing/Route), Object(Illuminate/Http/Request))
#20 D:/KLTN_badminton_Laravel/KLTN_badminton/backend-laravel/vendor/laravel/framework/src/Illuminate/Routing/Router.php(764): Illuminate/Routing/Router->runRoute(Object(Illuminate/Http/Request), Object(Illuminate/Routing/Route))
#21 D:/KLTN_badminton_Laravel/KLTN_badminton/backend-laravel/vendor/laravel/framework/src/Illuminate/Routing/Router.php(753): Illuminate/Routing/Router->dispatchToRoute(Object(Illuminate/Http/Request))
#22 D:/KLTN_badminton_Laravel/KLTN_badminton/backend-laravel/vendor/laravel/framework/src/Illuminate/Foundation/Http/Kernel.php(200): Illuminate/Routing/Router->dispatch(Object(Illuminate/Http/Request))
#23 D:/KLTN_badminton_Laravel/KLTN_badminton/backend-laravel/vendor/laravel/framework/src/Illuminate/Pipeline/Pipeline.php(180): Illuminate/Foundation/Http/Kernel->Illuminate/Foundation/Http/{closure}(Object(Illuminate/Http/Request))
#24 D:/KLTN_badminton_Laravel/KLTN_badminton/backend-laravel/vendor/laravel/framework/src/Illuminate/Foundation/Http/Middleware/TransformsRequest.php(21): Illuminate/Pipeline/Pipeline->Illuminate/Pipeline/{closure}(Object(Illuminate/Http/Request))
#25 D:/KLTN_badminton_Laravel/KLTN_badminton/backend-laravel/vendor/laravel/framework/src/Illuminate/Foundation/Http/Middleware/ConvertEmptyStringsToNull.php(31): Illuminate/Foundation/Http/Middleware/TransformsRequest->handle(Object(Illuminate/Http/Request), Object(Closure))
#26 D:/KLTN_badminton_Laravel/KLTN_badminton/backend-laravel/vendor/laravel/framework/src/Illuminate/Pipeline/Pipeline.php(219): Illuminate/Foundation/Http/Middleware/ConvertEmptyStringsToNull->handle(Object(Illuminate/Http/Request), Object(Closure))
#27 D:/KLTN_badminton_Laravel/KLTN_badminton/backend-laravel/vendor/laravel/framework/src/Illuminate/Foundation/Http/Middleware/TransformsRequest.php(21): Illuminate/Pipeline/Pipeline->Illuminate/Pipeline/{closure}(Object(Illuminate/Http/Request))
#28 D:/KLTN_badminton_Laravel/KLTN_badminton/backend-laravel/vendor/laravel/framework/src/Illuminate/Foundation/Http/Middleware/TrimStrings.php(51): Illuminate/Foundation/Http/Middleware/TransformsRequest->handle(Object(Illuminate/Http/Request), Object(Closure))
#29 D:/KLTN_badminton_Laravel/KLTN_badminton/backend-laravel/vendor/laravel/framework/src/Illuminate/Pipeline/Pipeline.php(219): Illuminate/Foundation/Http/Middleware/TrimStrings->handle(Object(Illuminate/Http/Request), Object(Closure))
#30 D:/KLTN_badminton_Laravel/KLTN_badminton/backend-laravel/vendor/laravel/framework/src/Illuminate/Http/Middleware/ValidatePostSize.php(27): Illuminate/Pipeline/Pipeline->Illuminate/Pipeline/{closure}(Object(Illuminate/Http/Request))
#31 D:/KLTN_badminton_Laravel/KLTN_badminton/backend-laravel/vendor/laravel/framework/src/Illuminate/Pipeline/Pipeline.php(219): Illuminate/Http/Middleware/ValidatePostSize->handle(Object(Illuminate/Http/Request), Object(Closure))
#32 D:/KLTN_badminton_Laravel/KLTN_badminton/backend-laravel/vendor/laravel/framework/src/Illuminate/Foundation/Http/Middleware/PreventRequestsDuringMaintenance.php(109): Illuminate/Pipeline/Pipeline->Illuminate/Pipeline/{closure}(Object(Illuminate/Http/Request))
#33 D:/KLTN_badminton_Laravel/KLTN_badminton/backend-laravel/vendor/laravel/framework/src/Illuminate/Pipeline/Pipeline.php(219): Illuminate/Foundation/Http/Middleware/PreventRequestsDuringMaintenance->handle(Object(Illuminate/Http/Request), Object(Closure))
#34 D:/KLTN_badminton_Laravel/KLTN_badminton/backend-laravel/vendor/laravel/framework/src/Illuminate/Http/Middleware/HandleCors.php(61): Illuminate/Pipeline/Pipeline->Illuminate/Pipeline/{closure}(Object(Illuminate/Http/Request))
#35 D:/KLTN_badminton_Laravel/KLTN_badminton/backend-laravel/vendor/laravel/framework/src/Illuminate/Pipeline/Pipeline.php(219): Illuminate/Http/Middleware/HandleCors->handle(Object(Illuminate/Http/Request), Object(Closure))
#36 D:/KLTN_badminton_Laravel/KLTN_badminton/backend-laravel/vendor/laravel/framework/src/Illuminate/Http/Middleware/TrustProxies.php(58): Illuminate/Pipeline/Pipeline->Illuminate/Pipeline/{closure}(Object(Illuminate/Http/Request))
#37 D:/KLTN_badminton_Laravel/KLTN_badminton/backend-laravel/vendor/laravel/framework/src/Illuminate/Pipeline/Pipeline.php(219): Illuminate/Http/Middleware/TrustProxies->handle(Object(Illuminate/Http/Request), Object(Closure))
#38 D:/KLTN_badminton_Laravel/KLTN_badminton/backend-laravel/vendor/laravel/framework/src/Illuminate/Foundation/Http/Middleware/InvokeDeferredCallbacks.php(22): Illuminate/Pipeline/Pipeline->Illuminate/Pipeline/{closure}(Object(Illuminate/Http/Request))
#39 D:/KLTN_badminton_Laravel/KLTN_badminton/backend-laravel/vendor/laravel/framework/src/Illuminate/Pipeline/Pipeline.php(219): Illuminate/Foundation/Http/Middleware/InvokeDeferredCallbacks->handle(Object(Illuminate/Http/Request), Object(Closure))
#40 D:/KLTN_badminton_Laravel/KLTN_badminton/backend-laravel/vendor/laravel/framework/src/Illuminate/Http/Middleware/ValidatePathEncoding.php(26): Illuminate/Pipeline/Pipeline->Illuminate/Pipeline/{closure}(Object(Illuminate/Http/Request))
#41 D:/KLTN_badminton_Laravel/KLTN_badminton/backend-laravel/vendor/laravel/framework/src/Illuminate/Pipeline/Pipeline.php(219): Illuminate/Http/Middleware/ValidatePathEncoding->handle(Object(Illuminate/Http/Request), Object(Closure))
#42 D:/KLTN_badminton_Laravel/KLTN_badminton/backend-laravel/vendor/laravel/framework/src/Illuminate/Pipeline/Pipeline.php(137): Illuminate/Pipeline/Pipeline->Illuminate/Pipeline/{closure}(Object(Illuminate/Http/Request))
#43 D:/KLTN_badminton_Laravel/KLTN_badminton/backend-laravel/vendor/laravel/framework/src/Illuminate/Foundation/Http/Kernel.php(175): Illuminate/Pipeline/Pipeline->then(Object(Closure))
#44 D:/KLTN_badminton_Laravel/KLTN_badminton/backend-laravel/vendor/laravel/framework/src/Illuminate/Foundation/Http/Kernel.php(144): Illuminate/Foundation/Http/Kernel->sendRequestThroughRouter(Object(Illuminate/Http/Request))
#45 D:/KLTN_badminton_Laravel/KLTN_badminton/backend-laravel/vendor/laravel/framework/src/Illuminate/Foundation/Application.php(1220): Illuminate/Foundation/Http/Kernel->handle(Object(Illuminate/Http/Request))
#46 D:/KLTN_badminton_Laravel/KLTN_badminton/backend-laravel/public/index.php(20): Illuminate/Foundation/Application->handleRequest(Object(Illuminate/Http/Request))
#47 D:/KLTN_badminton_Laravel/KLTN_badminton/backend-laravel/vendor/laravel/framework/src/Illuminate/Foundation/resources/server.php(23): require_once('D://KLTN_badmint...')
#48 {main}
"} 
[2026-09-04 16:29:15] local.ERROR: No application encryption key has been specified. {"exception":"[object] (Illuminate\\Encryption\\MissingAppKeyException(code: 0): No application encryption key has been specified. at D:/KLTN_badminton_Laravel/KLTN_badminton/backend-laravel/vendor/laravel/framework/src/Illuminate/Encryption/EncryptionServiceProvider.php:83)
[stacktrace]
#0 D:/KLTN_badminton_Laravel/KLTN_badminton/backend-laravel/vendor/laravel/framework/src/Illuminate/Support/helpers.php(393): Illuminate/Encryption/EncryptionServiceProvider->Illuminate/Encryption/{closure}('')
#1 D:/KLTN_badminton_Laravel/KLTN_badminton/backend-laravel/vendor/laravel/framework/src/Illuminate/Encryption/EncryptionServiceProvider.php(81): tap('', Object(Closure))
#2 D:/KLTN_badminton_Laravel/KLTN_badminton/backend-laravel/vendor/laravel/framework/src/Illuminate/Encryption/EncryptionServiceProvider.php(64): Illuminate/Encryption/EncryptionServiceProvider->key(Array)
#3 D:/KLTN_badminton_Laravel/KLTN_badminton/backend-laravel/vendor/laravel/framework/src/Illuminate/Encryption/EncryptionServiceProvider.php(32): Illuminate/Encryption/EncryptionServiceProvider->parseKey(Array)
#4 D:/KLTN_badminton_Laravel/KLTN_badminton/backend-laravel/vendor/laravel/framework/src/Illuminate/Container/Container.php(1115): Illuminate/Encryption/EncryptionServiceProvider->Illuminate/Encryption/{closure}(Object(Illuminate/Foundation/Application), Array)
#5 D:/KLTN_badminton_Laravel/KLTN_badminton/backend-laravel/vendor/laravel/framework/src/Illuminate/Container/Container.php(933): Illuminate/Container/Container->build(Object(Closure))
#6 D:/KLTN_badminton_Laravel/KLTN_badminton/backend-laravel/vendor/laravel/framework/src/Illuminate/Foundation/Application.php(1078): Illuminate/Container/Container->resolve('encrypter', Array, true)
#7 D:/KLTN_badminton_Laravel/KLTN_badminton/backend-laravel/vendor/laravel/framework/src/Illuminate/Container/Container.php(864): Illuminate/Foundation/Application->resolve('encrypter', Array)
#8 D:/KLTN_badminton_Laravel/KLTN_badminton/backend-laravel/vendor/laravel/framework/src/Illuminate/Foundation/Application.php(1058): Illuminate/Container/Container->make('encrypter', Array)
#9 D:/KLTN_badminton_Laravel/KLTN_badminton/backend-laravel/vendor/laravel/framework/src/Illuminate/Container/Container.php(1336): Illuminate/Foundation/Application->make('encrypter')
#10 D:/KLTN_badminton_Laravel/KLTN_badminton/backend-laravel/vendor/laravel/framework/src/Illuminate/Container/Container.php(1237): Illuminate/Container/Container->resolveClass(Object(ReflectionParameter), 'Illuminate//Cont...')
#11 D:/KLTN_badminton_Laravel/KLTN_badminton/backend-laravel/vendor/laravel/framework/src/Illuminate/Container/Container.php(1162): Illuminate/Container/Container->resolveDependencies(Array)
#12 D:/KLTN_badminton_Laravel/KLTN_badminton/backend-laravel/vendor/laravel/framework/src/Illuminate/Container/Container.php(933): Illuminate/Container/Container->build('Illuminate//Cook...')
#13 D:/KLTN_badminton_Laravel/KLTN_badminton/backend-laravel/vendor/laravel/framework/src/Illuminate/Foundation/Application.php(1078): Illuminate/Container/Container->resolve('Illuminate//Cook...', Array, true)
#14 D:/KLTN_badminton_Laravel/KLTN_badminton/backend-laravel/vendor/laravel/framework/src/Illuminate/Container/Container.php(864): Illuminate/Foundation/Application->resolve('Illuminate//Cook...', Array)
#15 D:/KLTN_badminton_Laravel/KLTN_badminton/backend-laravel/vendor/laravel/framework/src/Illuminate/Foundation/Application.php(1058): Illuminate/Container/Container->make('Illuminate//Cook...', Array)
#16 D:/KLTN_badminton_Laravel/KLTN_badminton/backend-laravel/vendor/laravel/framework/src/Illuminate/Foundation/Http/Kernel.php(257): Illuminate/Foundation/Application->make('Illuminate//Cook...')
#17 D:/KLTN_badminton_Laravel/KLTN_badminton/backend-laravel/vendor/laravel/framework/src/Illuminate/Foundation/Http/Kernel.php(215): Illuminate/Foundation/Http/Kernel->terminateMiddleware(Object(Illuminate/Http/Request), Object(Illuminate/Http/Response))
#18 D:/KLTN_badminton_Laravel/KLTN_badminton/backend-laravel/vendor/laravel/framework/src/Illuminate/Foundation/Application.php(1222): Illuminate/Foundation/Http/Kernel->terminate(Object(Illuminate/Http/Request), Object(Illuminate/Http/Response))
#19 D:/KLTN_badminton_Laravel/KLTN_badminton/backend-laravel/public/index.php(20): Illuminate/Foundation/Application->handleRequest(Object(Illuminate/Http/Request))
#20 D:/KLTN_badminton_Laravel/KLTN_badminton/backend-laravel/vendor/laravel/framework/src/Illuminate/Foundation/resources/server.php(23): require_once('D://KLTN_badmint...')
#21 {main}
"} 
[2026-09-05 03:07:15] testing.ERROR: No application encryption key has been specified. {"exception":"[object] (Illuminate\\Encryption\\MissingAppKeyException(code: 0): No application encryption key has been specified. at D:/KLTN_badminton_Laravel/KLTN_badminton/backend-laravel/vendor/laravel/framework/src/Illuminate/Encryption/EncryptionServiceProvider.php:83)
[stacktrace]
#0 D:/KLTN_badminton_Laravel/KLTN_badminton/backend-laravel/vendor/laravel/framework/src/Illuminate/Support/helpers.php(393): Illuminate/Encryption/EncryptionServiceProvider->Illuminate/Encryption/{closure}('')
#1 D:/KLTN_badminton_Laravel/KLTN_badminton/backend-laravel/vendor/laravel/framework/src/Illuminate/Encryption/EncryptionServiceProvider.php(81): tap('', Object(Closure))
#2 D:/KLTN_badminton_Laravel/KLTN_badminton/backend-laravel/vendor/laravel/framework/src/Illuminate/Encryption/EncryptionServiceProvider.php(64): Illuminate/Encryption/EncryptionServiceProvider->key(Array)
#3 D:/KLTN_badminton_Laravel/KLTN_badminton/backend-laravel/vendor/laravel/framework/src/Illuminate/Encryption/EncryptionServiceProvider.php(32): Illuminate/Encryption/EncryptionServiceProvider->parseKey(Array)
#4 D:/KLTN_badminton_Laravel/KLTN_badminton/backend-laravel/vendor/laravel/framework/src/Illuminate/Container/Container.php(1115): Illuminate/Encryption/EncryptionServiceProvider->Illuminate/Encryption/{closure}(Object(Illuminate/Foundation/Application), Array)
#5 D:/KLTN_badminton_Laravel/KLTN_badminton/backend-laravel/vendor/laravel/framework/src/Illuminate/Container/Container.php(933): Illuminate/Container/Container->build(Object(Closure))
#6 D:/KLTN_badminton_Laravel/KLTN_badminton/backend-laravel/vendor/laravel/framework/src/Illuminate/Foundation/Application.php(1078): Illuminate/Container/Container->resolve('encrypter', Array, true)
#7 D:/KLTN_badminton_Laravel/KLTN_badminton/backend-laravel/vendor/laravel/framework/src/Illuminate/Container/Container.php(864): Illuminate/Foundation/Application->resolve('encrypter', Array)
#8 D:/KLTN_badminton_Laravel/KLTN_badminton/backend-laravel/vendor/laravel/framework/src/Illuminate/Foundation/Application.php(1058): Illuminate/Container/Container->make('encrypter', Array)
#9 D:/KLTN_badminton_Laravel/KLTN_badminton/backend-laravel/vendor/laravel/framework/src/Illuminate/Container/Container.php(1336): Illuminate/Foundation/Application->make('encrypter')
#10 D:/KLTN_badminton_Laravel/KLTN_badminton/backend-laravel/vendor/laravel/framework/src/Illuminate/Container/Container.php(1237): Illuminate/Container/Container->resolveClass(Object(ReflectionParameter), 'Illuminate//Cont...')
#11 D:/KLTN_badminton_Laravel/KLTN_badminton/backend-laravel/vendor/laravel/framework/src/Illuminate/Container/Container.php(1162): Illuminate/Container/Container->resolveDependencies(Array)
#12 D:/KLTN_badminton_Laravel/KLTN_badminton/backend-laravel/vendor/laravel/framework/src/Illuminate/Container/Container.php(933): Illuminate/Container/Container->build('Illuminate//Cook...')
#13 D:/KLTN_badminton_Laravel/KLTN_badminton/backend-laravel/vendor/laravel/framework/src/Illuminate/Foundation/Application.php(1078): Illuminate/Container/Container->resolve('Illuminate//Cook...', Array, true)
#14 D:/KLTN_badminton_Laravel/KLTN_badminton/backend-laravel/vendor/laravel/framework/src/Illuminate/Container/Container.php(864): Illuminate/Foundation/Application->resolve('Illuminate//Cook...', Array)
#15 D:/KLTN_badminton_Laravel/KLTN_badminton/backend-laravel/vendor/laravel/framework/src/Illuminate/Foundation/Application.php(1058): Illuminate/Container/Container->make('Illuminate//Cook...', Array)
#16 D:/KLTN_badminton_Laravel/KLTN_badminton/backend-laravel/vendor/laravel/framework/src/Illuminate/Pipeline/Pipeline.php(208): Illuminate/Foundation/Application->make('Illuminate//Cook...')
#17 D:/KLTN_badminton_Laravel/KLTN_badminton/backend-laravel/vendor/laravel/framework/src/Illuminate/Pipeline/Pipeline.php(137): Illuminate/Pipeline/Pipeline->Illuminate/Pipeline/{closure}(Object(Illuminate/Http/Request))
#18 D:/KLTN_badminton_Laravel/KLTN_badminton/backend-laravel/vendor/laravel/framework/src/Illuminate/Routing/Router.php(821): Illuminate/Pipeline/Pipeline->then(Object(Closure))
#19 D:/KLTN_badminton_Laravel/KLTN_badminton/backend-laravel/vendor/laravel/framework/src/Illuminate/Routing/Router.php(800): Illuminate/Routing/Router->runRouteWithinStack(Object(Illuminate/Routing/Route), Object(Illuminate/Http/Request))
#20 D:/KLTN_badminton_Laravel/KLTN_badminton/backend-laravel/vendor/laravel/framework/src/Illuminate/Routing/Router.php(764): Illuminate/Routing/Router->runRoute(Object(Illuminate/Http/Request), Object(Illuminate/Routing/Route))
#21 D:/KLTN_badminton_Laravel/KLTN_badminton/backend-laravel/vendor/laravel/framework/src/Illuminate/Routing/Router.php(753): Illuminate/Routing/Router->dispatchToRoute(Object(Illuminate/Http/Request))
#22 D:/KLTN_badminton_Laravel/KLTN_badminton/backend-laravel/vendor/laravel/framework/src/Illuminate/Foundation/Http/Kernel.php(200): Illuminate/Routing/Router->dispatch(Object(Illuminate/Http/Request))
#23 D:/KLTN_badminton_Laravel/KLTN_badminton/backend-laravel/vendor/laravel/framework/src/Illuminate/Pipeline/Pipeline.php(180): Illuminate/Foundation/Http/Kernel->Illuminate/Foundation/Http/{closure}(Object(Illuminate/Http/Request))
#24 D:/KLTN_badminton_Laravel/KLTN_badminton/backend-laravel/vendor/laravel/framework/src/Illuminate/Foundation/Http/Middleware/TransformsRequest.php(21): Illuminate/Pipeline/Pipeline->Illuminate/Pipeline/{closure}(Object(Illuminate/Http/Request))
#25 D:/KLTN_badminton_Laravel/KLTN_badminton/backend-laravel/vendor/laravel/framework/src/Illuminate/Foundation/Http/Middleware/ConvertEmptyStringsToNull.php(31): Illuminate/Foundation/Http/Middleware/TransformsRequest->handle(Object(Illuminate/Http/Request), Object(Closure))
#26 D:/KLTN_badminton_Laravel/KLTN_badminton/backend-laravel/vendor/laravel/framework/src/Illuminate/Pipeline/Pipeline.php(219): Illuminate/Foundation/Http/Middleware/ConvertEmptyStringsToNull->handle(Object(Illuminate/Http/Request), Object(Closure))
#27 D:/KLTN_badminton_Laravel/KLTN_badminton/backend-laravel/vendor/laravel/framework/src/Illuminate/Foundation/Http/Middleware/TransformsRequest.php(21): Illuminate/Pipeline/Pipeline->Illuminate/Pipeline/{closure}(Object(Illuminate/Http/Request))
#28 D:/KLTN_badminton_Laravel/KLTN_badminton/backend-laravel/vendor/laravel/framework/src/Illuminate/Foundation/Http/Middleware/TrimStrings.php(51): Illuminate/Foundation/Http/Middleware/TransformsRequest->handle(Object(Illuminate/Http/Request), Object(Closure))
#29 D:/KLTN_badminton_Laravel/KLTN_badminton/backend-laravel/vendor/laravel/framework/src/Illuminate/Pipeline/Pipeline.php(219): Illuminate/Foundation/Http/Middleware/TrimStrings->handle(Object(Illuminate/Http/Request), Object(Closure))
#30 D:/KLTN_badminton_Laravel/KLTN_badminton/backend-laravel/vendor/laravel/framework/src/Illuminate/Http/Middleware/ValidatePostSize.php(27): Illuminate/Pipeline/Pipeline->Illuminate/Pipeline/{closure}(Object(Illuminate/Http/Request))
#31 D:/KLTN_badminton_Laravel/KLTN_badminton/backend-laravel/vendor/laravel/framework/src/Illuminate/Pipeline/Pipeline.php(219): Illuminate/Http/Middleware/ValidatePostSize->handle(Object(Illuminate/Http/Request), Object(Closure))
#32 D:/KLTN_badminton_Laravel/KLTN_badminton/backend-laravel/vendor/laravel/framework/src/Illuminate/Foundation/Http/Middleware/PreventRequestsDuringMaintenance.php(109): Illuminate/Pipeline/Pipeline->Illuminate/Pipeline/{closure}(Object(Illuminate/Http/Request))
#33 D:/KLTN_badminton_Laravel/KLTN_badminton/backend-laravel/vendor/laravel/framework/src/Illuminate/Pipeline/Pipeline.php(219): Illuminate/Foundation/Http/Middleware/PreventRequestsDuringMaintenance->handle(Object(Illuminate/Http/Request), Object(Closure))
#34 D:/KLTN_badminton_Laravel/KLTN_badminton/backend-laravel/vendor/laravel/framework/src/Illuminate/Http/Middleware/HandleCors.php(61): Illuminate/Pipeline/Pipeline->Illuminate/Pipeline/{closure}(Object(Illuminate/Http/Request))
#35 D:/KLTN_badminton_Laravel/KLTN_badminton/backend-laravel/vendor/laravel/framework/src/Illuminate/Pipeline/Pipeline.php(219): Illuminate/Http/Middleware/HandleCors->handle(Object(Illuminate/Http/Request), Object(Closure))
#36 D:/KLTN_badminton_Laravel/KLTN_badminton/backend-laravel/vendor/laravel/framework/src/Illuminate/Http/Middleware/TrustProxies.php(58): Illuminate/Pipeline/Pipeline->Illuminate/Pipeline/{closure}(Object(Illuminate/Http/Request))
#37 D:/KLTN_badminton_Laravel/KLTN_badminton/backend-laravel/vendor/laravel/framework/src/Illuminate/Pipeline/Pipeline.php(219): Illuminate/Http/Middleware/TrustProxies->handle(Object(Illuminate/Http/Request), Object(Closure))
#38 D:/KLTN_badminton_Laravel/KLTN_badminton/backend-laravel/vendor/laravel/framework/src/Illuminate/Foundation/Http/Middleware/InvokeDeferredCallbacks.php(22): Illuminate/Pipeline/Pipeline->Illuminate/Pipeline/{closure}(Object(Illuminate/Http/Request))
#39 D:/KLTN_badminton_Laravel/KLTN_badminton/backend-laravel/vendor/laravel/framework/src/Illuminate/Pipeline/Pipeline.php(219): Illuminate/Foundation/Http/Middleware/InvokeDeferredCallbacks->handle(Object(Illuminate/Http/Request), Object(Closure))
#40 D:/KLTN_badminton_Laravel/KLTN_badminton/backend-laravel/vendor/laravel/framework/src/Illuminate/Http/Middleware/ValidatePathEncoding.php(26): Illuminate/Pipeline/Pipeline->Illuminate/Pipeline/{closure}(Object(Illuminate/Http/Request))
#41 D:/KLTN_badminton_Laravel/KLTN_badminton/backend-laravel/vendor/laravel/framework/src/Illuminate/Pipeline/Pipeline.php(219): Illuminate/Http/Middleware/ValidatePathEncoding->handle(Object(Illuminate/Http/Request), Object(Closure))
#42 D:/KLTN_badminton_Laravel/KLTN_badminton/backend-laravel/vendor/laravel/framework/src/Illuminate/Pipeline/Pipeline.php(137): Illuminate/Pipeline/Pipeline->Illuminate/Pipeline/{closure}(Object(Illuminate/Http/Request))
#43 D:/KLTN_badminton_Laravel/KLTN_badminton/backend-laravel/vendor/laravel/framework/src/Illuminate/Foundation/Http/Kernel.php(175): Illuminate/Pipeline/Pipeline->then(Object(Closure))
#44 D:/KLTN_badminton_Laravel/KLTN_badminton/backend-laravel/vendor/laravel/framework/src/Illuminate/Foundation/Http/Kernel.php(144): Illuminate/Foundation/Http/Kernel->sendRequestThroughRouter(Object(Illuminate/Http/Request))
#45 D:/KLTN_badminton_Laravel/KLTN_badminton/backend-laravel/vendor/laravel/framework/src/Illuminate/Foundation/Testing/Concerns/MakesHttpRequests.php(607): Illuminate/Foundation/Http/Kernel->handle(Object(Illuminate/Http/Request))
#46 D:/KLTN_badminton_Laravel/KLTN_badminton/backend-laravel/vendor/laravel/framework/src/Illuminate/Foundation/Testing/Concerns/MakesHttpRequests.php(368): Illuminate/Foundation/Testing/TestCase->call('GET', '/', Array, Array, Array, Array)
#47 D:/KLTN_badminton_Laravel/KLTN_badminton/backend-laravel/tests/Feature/ExampleTest.php(15): Illuminate/Foundation/Testing/TestCase->get('/')
#48 D:/KLTN_badminton_Laravel/KLTN_badminton/backend-laravel/vendor/phpunit/phpunit/src/Framework/TestCase.php(1667): Tests/Feature/ExampleTest->test_the_application_returns_a_successful_response()
#49 D:/KLTN_badminton_Laravel/KLTN_badminton/backend-laravel/vendor/phpunit/phpunit/src/Framework/TestCase.php(519): PHPUnit/Framework/TestCase->runTest()
#50 D:/KLTN_badminton_Laravel/KLTN_badminton/backend-laravel/vendor/phpunit/phpunit/src/Framework/TestRunner/TestRunner.php(87): PHPUnit/Framework/TestCase->runBare()
#51 D:/KLTN_badminton_Laravel/KLTN_badminton/backend-laravel/vendor/phpunit/phpunit/src/Framework/TestCase.php(365): PHPUnit/Framework/TestRunner->run(Object(Tests/Feature/ExampleTest))
#52 D:/KLTN_badminton_Laravel/KLTN_badminton/backend-laravel/vendor/phpunit/phpunit/src/Framework/TestSuite.php(369): PHPUnit/Framework/TestCase->run()
#53 D:/KLTN_badminton_Laravel/KLTN_badminton/backend-laravel/vendor/phpunit/phpunit/src/Framework/TestSuite.php(369): PHPUnit/Framework/TestSuite->run()
#54 D:/KLTN_badminton_Laravel/KLTN_badminton/backend-laravel/vendor/phpunit/phpunit/src/Framework/TestSuite.php(369): PHPUnit/Framework/TestSuite->run()
#55 D:/KLTN_badminton_Laravel/KLTN_badminton/backend-laravel/vendor/phpunit/phpunit/src/TextUI/TestRunner.php(64): PHPUnit/Framework/TestSuite->run()
#56 D:/KLTN_badminton_Laravel/KLTN_badminton/backend-laravel/vendor/phpunit/phpunit/src/TextUI/Application.php(211): PHPUnit/TextUI/TestRunner->run(Object(PHPUnit/TextUI/Configuration/Configuration), Object(PHPUnit/Runner/ResultCache/DefaultResultCache), Object(PHPUnit/Framework/TestSuite))
#57 D:/KLTN_badminton_Laravel/KLTN_badminton/backend-laravel/vendor/phpunit/phpunit/phpunit(104): PHPUnit/TextUI/Application->run(Array)
#58 {main}
"} 
[2026-09-05 03:08:13] local.ERROR: Writing to directory C:/Users/anhmi/AppData/Roaming/PsySH is not allowed. {"exception":"[object] (ErrorException(code: 0): Writing to directory C:/Users/anhmi/AppData/Roaming/PsySH is not allowed. at D:/KLTN_badminton_Laravel/KLTN_badminton/backend-laravel/vendor/psy/psysh/src/ConfigPaths.php:456)
[stacktrace]
#0 D:/KLTN_badminton_Laravel/KLTN_badminton/backend-laravel/vendor/laravel/framework/src/Illuminate/Foundation/Bootstrap/HandleExceptions.php(262): Illuminate/Foundation/Bootstrap/HandleExceptions->handleError(1024, 'Writing to dire...', 'D://KLTN_badmint...', 456)
#1 [internal function]: Illuminate/Foundation/Bootstrap/HandleExceptions->Illuminate/Foundation/Bootstrap/{closure}(1024, 'Writing to dire...', 'D://KLTN_badmint...', 456)
#2 D:/KLTN_badminton_Laravel/KLTN_badminton/backend-laravel/vendor/psy/psysh/src/ConfigPaths.php(456): trigger_error('Writing to dire...', 1024)
#3 D:/KLTN_badminton_Laravel/KLTN_badminton/backend-laravel/vendor/psy/psysh/src/ConfigPaths.php(485): Psy/ConfigPaths::ensureDir('C:/Users/anhmi/...')
#4 D:/KLTN_badminton_Laravel/KLTN_badminton/backend-laravel/vendor/psy/psysh/src/Configuration.php(1068): Psy/ConfigPaths::touchFileWithMkdir('C:/Users/anhmi/...')
#5 D:/KLTN_badminton_Laravel/KLTN_badminton/backend-laravel/vendor/psy/psysh/src/Configuration.php(1108): Psy/Configuration->setHistoryFile('C:/Users/anhmi/...')
#6 D:/KLTN_badminton_Laravel/KLTN_badminton/backend-laravel/vendor/psy/psysh/src/Configuration.php(1285): Psy/Configuration->getHistoryFile()
#7 D:/KLTN_badminton_Laravel/KLTN_badminton/backend-laravel/vendor/psy/psysh/src/Shell.php(192): Psy/Configuration->getReadline()
#8 D:/KLTN_badminton_Laravel/KLTN_badminton/backend-laravel/vendor/psy/psysh/src/Shell.php(2213): Psy/Shell->boot()
#9 D:/KLTN_badminton_Laravel/KLTN_badminton/backend-laravel/vendor/laravel/tinker/src/Console/TinkerCommand.php(77): Psy/Shell->execute('dump(Schema::ha...')
#10 D:/KLTN_badminton_Laravel/KLTN_badminton/backend-laravel/vendor/laravel/framework/src/Illuminate/Container/BoundMethod.php(36): Laravel/Tinker/Console/TinkerCommand->handle()
#11 D:/KLTN_badminton_Laravel/KLTN_badminton/backend-laravel/vendor/laravel/framework/src/Illuminate/Container/Util.php(43): Illuminate/Container/BoundMethod::Illuminate/Container/{closure}()
#12 D:/KLTN_badminton_Laravel/KLTN_badminton/backend-laravel/vendor/laravel/framework/src/Illuminate/Container/BoundMethod.php(96): Illuminate/Container/Util::unwrapIfClosure(Object(Closure))
#13 D:/KLTN_badminton_Laravel/KLTN_badminton/backend-laravel/vendor/laravel/framework/src/Illuminate/Container/BoundMethod.php(35): Illuminate/Container/BoundMethod::callBoundMethod(Object(Illuminate/Foundation/Application), Array, Object(Closure))
#14 D:/KLTN_badminton_Laravel/KLTN_badminton/backend-laravel/vendor/laravel/framework/src/Illuminate/Container/Container.php(799): Illuminate/Container/BoundMethod::call(Object(Illuminate/Foundation/Application), Array, Array, NULL)
#15 D:/KLTN_badminton_Laravel/KLTN_badminton/backend-laravel/vendor/laravel/framework/src/Illuminate/Console/Command.php(211): Illuminate/Container/Container->call(Array)
#16 D:/KLTN_badminton_Laravel/KLTN_badminton/backend-laravel/vendor/symfony/console/Command/Command.php(341): Illuminate/Console/Command->execute(Object(Symfony/Component/Console/Input/ArgvInput), Object(Illuminate/Console/OutputStyle))
#17 D:/KLTN_badminton_Laravel/KLTN_badminton/backend-laravel/vendor/laravel/framework/src/Illuminate/Console/Command.php(180): Symfony/Component/Console/Command/Command->run(Object(Symfony/Component/Console/Input/ArgvInput), Object(Illuminate/Console/OutputStyle))
#18 D:/KLTN_badminton_Laravel/KLTN_badminton/backend-laravel/vendor/symfony/console/Application.php(1117): Illuminate/Console/Command->run(Object(Symfony/Component/Console/Input/ArgvInput), Object(Symfony/Component/Console/Output/ConsoleOutput))
#19 D:/KLTN_badminton_Laravel/KLTN_badminton/backend-laravel/vendor/symfony/console/Application.php(356): Symfony/Component/Console/Application->doRunCommand(Object(Laravel/Tinker/Console/TinkerCommand), Object(Symfony/Component/Console/Input/ArgvInput), Object(Symfony/Component/Console/Output/ConsoleOutput))
#20 D:/KLTN_badminton_Laravel/KLTN_badminton/backend-laravel/vendor/symfony/console/Application.php(195): Symfony/Component/Console/Application->doRun(Object(Symfony/Component/Console/Input/ArgvInput), Object(Symfony/Component/Console/Output/ConsoleOutput))
#21 D:/KLTN_badminton_Laravel/KLTN_badminton/backend-laravel/vendor/laravel/framework/src/Illuminate/Foundation/Console/Kernel.php(198): Symfony/Component/Console/Application->run(Object(Symfony/Component/Console/Input/ArgvInput), Object(Symfony/Component/Console/Output/ConsoleOutput))
#22 D:/KLTN_badminton_Laravel/KLTN_badminton/backend-laravel/vendor/laravel/framework/src/Illuminate/Foundation/Application.php(1235): Illuminate/Foundation/Console/Kernel->handle(Object(Symfony/Component/Console/Input/ArgvInput), Object(Symfony/Component/Console/Output/ConsoleOutput))
#23 D:/KLTN_badminton_Laravel/KLTN_badminton/backend-laravel/artisan(16): Illuminate/Foundation/Application->handleCommand(Object(Symfony/Component/Console/Input/ArgvInput))
#24 {main}
"} 
[2026-09-05 03:11:51] local.ERROR: SQLSTATE[42S02]: Base table or view not found: 1146 Table 'kltn_badminton.courts' doesn't exist (Connection: mysql, Host: 127.0.0.1, Port: 3306, Database: kltn_badminton, SQL: select * from `courts` order by `code` asc) {"exception":"[object] (Illuminate\\Database\\QueryException(code: 42S02): SQLSTATE[42S02]: Base table or view not found: 1146 Table 'kltn_badminton.courts' doesn't exist (Connection: mysql, Host: 127.0.0.1, Port: 3306, Database: kltn_badminton, SQL: select * from `courts` order by `code` asc) at D:/KLTN_badminton_Laravel/KLTN_badminton/backend-laravel/vendor/laravel/framework/src/Illuminate/Database/Connection.php:838)
[stacktrace]
#0 D:/KLTN_badminton_Laravel/KLTN_badminton/backend-laravel/vendor/laravel/framework/src/Illuminate/Database/Connection.php(794): Illuminate/Database/Connection->runQueryCallback('select * from `...', Array, Object(Closure))
#1 D:/KLTN_badminton_Laravel/KLTN_badminton/backend-laravel/vendor/laravel/framework/src/Illuminate/Database/Connection.php(411): Illuminate/Database/Connection->run('select * from `...', Array, Object(Closure))
#2 D:/KLTN_badminton_Laravel/KLTN_badminton/backend-laravel/vendor/laravel/framework/src/Illuminate/Database/Query/Builder.php(3505): Illuminate/Database/Connection->select('select * from `...', Array, true)
#3 D:/KLTN_badminton_Laravel/KLTN_badminton/backend-laravel/vendor/laravel/framework/src/Illuminate/Database/Query/Builder.php(3490): Illuminate/Database/Query/Builder->runSelect()
#4 D:/KLTN_badminton_Laravel/KLTN_badminton/backend-laravel/vendor/laravel/framework/src/Illuminate/Database/Query/Builder.php(4080): Illuminate/Database/Query/Builder->Illuminate/Database/Query/{closure}()
#5 D:/KLTN_badminton_Laravel/KLTN_badminton/backend-laravel/vendor/laravel/framework/src/Illuminate/Database/Query/Builder.php(3489): Illuminate/Database/Query/Builder->onceWithColumns(Array, Object(Closure))
#6 D:/KLTN_badminton_Laravel/KLTN_badminton/backend-laravel/vendor/laravel/framework/src/Illuminate/Database/Eloquent/Builder.php(902): Illuminate/Database/Query/Builder->get(Array)
#7 D:/KLTN_badminton_Laravel/KLTN_badminton/backend-laravel/vendor/laravel/framework/src/Illuminate/Database/Eloquent/Builder.php(884): Illuminate/Database/Eloquent/Builder->getModels(Array)
#8 D:/KLTN_badminton_Laravel/KLTN_badminton/backend-laravel/app/Http/Controllers/CourtController.php(27): Illuminate/Database/Eloquent/Builder->get()
#9 D:/KLTN_badminton_Laravel/KLTN_badminton/backend-laravel/vendor/laravel/framework/src/Illuminate/Routing/ControllerDispatcher.php(46): App/Http/Controllers/CourtController->index(Object(Illuminate/Http/Request))
#10 D:/KLTN_badminton_Laravel/KLTN_badminton/backend-laravel/vendor/laravel/framework/src/Illuminate/Routing/Route.php(265): Illuminate/Routing/ControllerDispatcher->dispatch(Object(Illuminate/Routing/Route), Object(App/Http/Controllers/CourtController), 'index')
#11 D:/KLTN_badminton_Laravel/KLTN_badminton/backend-laravel/vendor/laravel/framework/src/Illuminate/Routing/Route.php(211): Illuminate/Routing/Route->runController()
#12 D:/KLTN_badminton_Laravel/KLTN_badminton/backend-laravel/vendor/laravel/framework/src/Illuminate/Routing/Router.php(822): Illuminate/Routing/Route->run()
#13 D:/KLTN_badminton_Laravel/KLTN_badminton/backend-laravel/vendor/laravel/framework/src/Illuminate/Pipeline/Pipeline.php(180): Illuminate/Routing/Router->Illuminate/Routing/{closure}(Object(Illuminate/Http/Request))
#14 D:/KLTN_badminton_Laravel/KLTN_badminton/backend-laravel/vendor/laravel/framework/src/Illuminate/Routing/Middleware/SubstituteBindings.php(50): Illuminate/Pipeline/Pipeline->Illuminate/Pipeline/{closure}(Object(Illuminate/Http/Request))
#15 D:/KLTN_badminton_Laravel/KLTN_badminton/backend-laravel/vendor/laravel/framework/src/Illuminate/Pipeline/Pipeline.php(219): Illuminate/Routing/Middleware/SubstituteBindings->handle(Object(Illuminate/Http/Request), Object(Closure))
#16 D:/KLTN_badminton_Laravel/KLTN_badminton/backend-laravel/vendor/laravel/framework/src/Illuminate/Pipeline/Pipeline.php(137): Illuminate/Pipeline/Pipeline->Illuminate/Pipeline/{closure}(Object(Illuminate/Http/Request))
#17 D:/KLTN_badminton_Laravel/KLTN_badminton/backend-laravel/vendor/laravel/framework/src/Illuminate/Routing/Router.php(821): Illuminate/Pipeline/Pipeline->then(Object(Closure))
#18 D:/KLTN_badminton_Laravel/KLTN_badminton/backend-laravel/vendor/laravel/framework/src/Illuminate/Routing/Router.php(800): Illuminate/Routing/Router->runRouteWithinStack(Object(Illuminate/Routing/Route), Object(Illuminate/Http/Request))
#19 D:/KLTN_badminton_Laravel/KLTN_badminton/backend-laravel/vendor/laravel/framework/src/Illuminate/Routing/Router.php(764): Illuminate/Routing/Router->runRoute(Object(Illuminate/Http/Request), Object(Illuminate/Routing/Route))
#20 D:/KLTN_badminton_Laravel/KLTN_badminton/backend-laravel/vendor/laravel/framework/src/Illuminate/Routing/Router.php(753): Illuminate/Routing/Router->dispatchToRoute(Object(Illuminate/Http/Request))
#21 D:/KLTN_badminton_Laravel/KLTN_badminton/backend-laravel/vendor/laravel/framework/src/Illuminate/Foundation/Http/Kernel.php(200): Illuminate/Routing/Router->dispatch(Object(Illuminate/Http/Request))
#22 D:/KLTN_badminton_Laravel/KLTN_badminton/backend-laravel/vendor/laravel/framework/src/Illuminate/Pipeline/Pipeline.php(180): Illuminate/Foundation/Http/Kernel->Illuminate/Foundation/Http/{closure}(Object(Illuminate/Http/Request))
#23 D:/KLTN_badminton_Laravel/KLTN_badminton/backend-laravel/vendor/laravel/framework/src/Illuminate/Foundation/Http/Middleware/TransformsRequest.php(21): Illuminate/Pipeline/Pipeline->Illuminate/Pipeline/{closure}(Object(Illuminate/Http/Request))
#24 D:/KLTN_badminton_Laravel/KLTN_badminton/backend-laravel/vendor/laravel/framework/src/Illuminate/Foundation/Http/Middleware/ConvertEmptyStringsToNull.php(31): Illuminate/Foundation/Http/Middleware/TransformsRequest->handle(Object(Illuminate/Http/Request), Object(Closure))
#25 D:/KLTN_badminton_Laravel/KLTN_badminton/backend-laravel/vendor/laravel/framework/src/Illuminate/Pipeline/Pipeline.php(219): Illuminate/Foundation/Http/Middleware/ConvertEmptyStringsToNull->handle(Object(Illuminate/Http/Request), Object(Closure))
#26 D:/KLTN_badminton_Laravel/KLTN_badminton/backend-laravel/vendor/laravel/framework/src/Illuminate/Foundation/Http/Middleware/TransformsRequest.php(21): Illuminate/Pipeline/Pipeline->Illuminate/Pipeline/{closure}(Object(Illuminate/Http/Request))
#27 D:/KLTN_badminton_Laravel/KLTN_badminton/backend-laravel/vendor/laravel/framework/src/Illuminate/Foundation/Http/Middleware/TrimStrings.php(51): Illuminate/Foundation/Http/Middleware/TransformsRequest->handle(Object(Illuminate/Http/Request), Object(Closure))
#28 D:/KLTN_badminton_Laravel/KLTN_badminton/backend-laravel/vendor/laravel/framework/src/Illuminate/Pipeline/Pipeline.php(219): Illuminate/Foundation/Http/Middleware/TrimStrings->handle(Object(Illuminate/Http/Request), Object(Closure))
#29 D:/KLTN_badminton_Laravel/KLTN_badminton/backend-laravel/vendor/laravel/framework/src/Illuminate/Http/Middleware/ValidatePostSize.php(27): Illuminate/Pipeline/Pipeline->Illuminate/Pipeline/{closure}(Object(Illuminate/Http/Request))
#30 D:/KLTN_badminton_Laravel/KLTN_badminton/backend-laravel/vendor/laravel/framework/src/Illuminate/Pipeline/Pipeline.php(219): Illuminate/Http/Middleware/ValidatePostSize->handle(Object(Illuminate/Http/Request), Object(Closure))
#31 D:/KLTN_badminton_Laravel/KLTN_badminton/backend-laravel/vendor/laravel/framework/src/Illuminate/Foundation/Http/Middleware/PreventRequestsDuringMaintenance.php(109): Illuminate/Pipeline/Pipeline->Illuminate/Pipeline/{closure}(Object(Illuminate/Http/Request))
#32 D:/KLTN_badminton_Laravel/KLTN_badminton/backend-laravel/vendor/laravel/framework/src/Illuminate/Pipeline/Pipeline.php(219): Illuminate/Foundation/Http/Middleware/PreventRequestsDuringMaintenance->handle(Object(Illuminate/Http/Request), Object(Closure))
#33 D:/KLTN_badminton_Laravel/KLTN_badminton/backend-laravel/vendor/laravel/framework/src/Illuminate/Http/Middleware/HandleCors.php(74): Illuminate/Pipeline/Pipeline->Illuminate/Pipeline/{closure}(Object(Illuminate/Http/Request))
#34 D:/KLTN_badminton_Laravel/KLTN_badminton/backend-laravel/vendor/laravel/framework/src/Illuminate/Pipeline/Pipeline.php(219): Illuminate/Http/Middleware/HandleCors->handle(Object(Illuminate/Http/Request), Object(Closure))
#35 D:/KLTN_badminton_Laravel/KLTN_badminton/backend-laravel/vendor/laravel/framework/src/Illuminate/Http/Middleware/TrustProxies.php(58): Illuminate/Pipeline/Pipeline->Illuminate/Pipeline/{closure}(Object(Illuminate/Http/Request))
#36 D:/KLTN_badminton_Laravel/KLTN_badminton/backend-laravel/vendor/laravel/framework/src/Illuminate/Pipeline/Pipeline.php(219): Illuminate/Http/Middleware/TrustProxies->handle(Object(Illuminate/Http/Request), Object(Closure))
#37 D:/KLTN_badminton_Laravel/KLTN_badminton/backend-laravel/vendor/laravel/framework/src/Illuminate/Foundation/Http/Middleware/InvokeDeferredCallbacks.php(22): Illuminate/Pipeline/Pipeline->Illuminate/Pipeline/{closure}(Object(Illuminate/Http/Request))
#38 D:/KLTN_badminton_Laravel/KLTN_badminton/backend-laravel/vendor/laravel/framework/src/Illuminate/Pipeline/Pipeline.php(219): Illuminate/Foundation/Http/Middleware/InvokeDeferredCallbacks->handle(Object(Illuminate/Http/Request), Object(Closure))
#39 D:/KLTN_badminton_Laravel/KLTN_badminton/backend-laravel/vendor/laravel/framework/src/Illuminate/Http/Middleware/ValidatePathEncoding.php(26): Illuminate/Pipeline/Pipeline->Illuminate/Pipeline/{closure}(Object(Illuminate/Http/Request))
#40 D:/KLTN_badminton_Laravel/KLTN_badminton/backend-laravel/vendor/laravel/framework/src/Illuminate/Pipeline/Pipeline.php(219): Illuminate/Http/Middleware/ValidatePathEncoding->handle(Object(Illuminate/Http/Request), Object(Closure))
#41 D:/KLTN_badminton_Laravel/KLTN_badminton/backend-laravel/vendor/laravel/framework/src/Illuminate/Pipeline/Pipeline.php(137): Illuminate/Pipeline/Pipeline->Illuminate/Pipeline/{closure}(Object(Illuminate/Http/Request))
#42 D:/KLTN_badminton_Laravel/KLTN_badminton/backend-laravel/vendor/laravel/framework/src/Illuminate/Foundation/Http/Kernel.php(175): Illuminate/Pipeline/Pipeline->then(Object(Closure))
#43 D:/KLTN_badminton_Laravel/KLTN_badminton/backend-laravel/vendor/laravel/framework/src/Illuminate/Foundation/Http/Kernel.php(144): Illuminate/Foundation/Http/Kernel->sendRequestThroughRouter(Object(Illuminate/Http/Request))
#44 D:/KLTN_badminton_Laravel/KLTN_badminton/backend-laravel/vendor/laravel/framework/src/Illuminate/Foundation/Application.php(1220): Illuminate/Foundation/Http/Kernel->handle(Object(Illuminate/Http/Request))
#45 D:/KLTN_badminton_Laravel/KLTN_badminton/backend-laravel/public/index.php(20): Illuminate/Foundation/Application->handleRequest(Object(Illuminate/Http/Request))
#46 D:/KLTN_badminton_Laravel/KLTN_badminton/backend-laravel/vendor/laravel/framework/src/Illuminate/Foundation/resources/server.php(23): require_once('D://KLTN_badmint...')
#47 {main}

[previous exception] [object] (PDOException(code: 42S02): SQLSTATE[42S02]: Base table or view not found: 1146 Table 'kltn_badminton.courts' doesn't exist at D:/KLTN_badminton_Laravel/KLTN_badminton/backend-laravel/vendor/laravel/framework/src/Illuminate/Database/Connection.php:420)
[stacktrace]
#0 D:/KLTN_badminton_Laravel/KLTN_badminton/backend-laravel/vendor/laravel/framework/src/Illuminate/Database/Connection.php(420): PDO->prepare('select * from `...')
#1 D:/KLTN_badminton_Laravel/KLTN_badminton/backend-laravel/vendor/laravel/framework/src/Illuminate/Database/Connection.php(827): Illuminate/Database/Connection->Illuminate/Database/{closure}('select * from `...', Array)
#2 D:/KLTN_badminton_Laravel/KLTN_badminton/backend-laravel/vendor/laravel/framework/src/Illuminate/Database/Connection.php(794): Illuminate/Database/Connection->runQueryCallback('select * from `...', Array, Object(Closure))
#3 D:/KLTN_badminton_Laravel/KLTN_badminton/backend-laravel/vendor/laravel/framework/src/Illuminate/Database/Connection.php(411): Illuminate/Database/Connection->run('select * from `...', Array, Object(Closure))
#4 D:/KLTN_badminton_Laravel/KLTN_badminton/backend-laravel/vendor/laravel/framework/src/Illuminate/Database/Query/Builder.php(3505): Illuminate/Database/Connection->select('select * from `...', Array, true)
#5 D:/KLTN_badminton_Laravel/KLTN_badminton/backend-laravel/vendor/laravel/framework/src/Illuminate/Database/Query/Builder.php(3490): Illuminate/Database/Query/Builder->runSelect()
#6 D:/KLTN_badminton_Laravel/KLTN_badminton/backend-laravel/vendor/laravel/framework/src/Illuminate/Database/Query/Builder.php(4080): Illuminate/Database/Query/Builder->Illuminate/Database/Query/{closure}()
#7 D:/KLTN_badminton_Laravel/KLTN_badminton/backend-laravel/vendor/laravel/framework/src/Illuminate/Database/Query/Builder.php(3489): Illuminate/Database/Query/Builder->onceWithColumns(Array, Object(Closure))
#8 D:/KLTN_badminton_Laravel/KLTN_badminton/backend-laravel/vendor/laravel/framework/src/Illuminate/Database/Eloquent/Builder.php(902): Illuminate/Database/Query/Builder->get(Array)
#9 D:/KLTN_badminton_Laravel/KLTN_badminton/backend-laravel/vendor/laravel/framework/src/Illuminate/Database/Eloquent/Builder.php(884): Illuminate/Database/Eloquent/Builder->getModels(Array)
#10 D:/KLTN_badminton_Laravel/KLTN_badminton/backend-laravel/app/Http/Controllers/CourtController.php(27): Illuminate/Database/Eloquent/Builder->get()
#11 D:/KLTN_badminton_Laravel/KLTN_badminton/backend-laravel/vendor/laravel/framework/src/Illuminate/Routing/ControllerDispatcher.php(46): App/Http/Controllers/CourtController->index(Object(Illuminate/Http/Request))
#12 D:/KLTN_badminton_Laravel/KLTN_badminton/backend-laravel/vendor/laravel/framework/src/Illuminate/Routing/Route.php(265): Illuminate/Routing/ControllerDispatcher->dispatch(Object(Illuminate/Routing/Route), Object(App/Http/Controllers/CourtController), 'index')
#13 D:/KLTN_badminton_Laravel/KLTN_badminton/backend-laravel/vendor/laravel/framework/src/Illuminate/Routing/Route.php(211): Illuminate/Routing/Route->runController()
#14 D:/KLTN_badminton_Laravel/KLTN_badminton/backend-laravel/vendor/laravel/framework/src/Illuminate/Routing/Router.php(822): Illuminate/Routing/Route->run()
#15 D:/KLTN_badminton_Laravel/KLTN_badminton/backend-laravel/vendor/laravel/framework/src/Illuminate/Pipeline/Pipeline.php(180): Illuminate/Routing/Router->Illuminate/Routing/{closure}(Object(Illuminate/Http/Request))
#16 D:/KLTN_badminton_Laravel/KLTN_badminton/backend-laravel/vendor/laravel/framework/src/Illuminate/Routing/Middleware/SubstituteBindings.php(50): Illuminate/Pipeline/Pipeline->Illuminate/Pipeline/{closure}(Object(Illuminate/Http/Request))
#17 D:/KLTN_badminton_Laravel/KLTN_badminton/backend-laravel/vendor/laravel/framework/src/Illuminate/Pipeline/Pipeline.php(219): Illuminate/Routing/Middleware/SubstituteBindings->handle(Object(Illuminate/Http/Request), Object(Closure))
#18 D:/KLTN_badminton_Laravel/KLTN_badminton/backend-laravel/vendor/laravel/framework/src/Illuminate/Pipeline/Pipeline.php(137): Illuminate/Pipeline/Pipeline->Illuminate/Pipeline/{closure}(Object(Illuminate/Http/Request))
#19 D:/KLTN_badminton_Laravel/KLTN_badminton/backend-laravel/vendor/laravel/framework/src/Illuminate/Routing/Router.php(821): Illuminate/Pipeline/Pipeline->then(Object(Closure))
#20 D:/KLTN_badminton_Laravel/KLTN_badminton/backend-laravel/vendor/laravel/framework/src/Illuminate/Routing/Router.php(800): Illuminate/Routing/Router->runRouteWithinStack(Object(Illuminate/Routing/Route), Object(Illuminate/Http/Request))
#21 D:/KLTN_badminton_Laravel/KLTN_badminton/backend-laravel/vendor/laravel/framework/src/Illuminate/Routing/Router.php(764): Illuminate/Routing/Router->runRoute(Object(Illuminate/Http/Request), Object(Illuminate/Routing/Route))
#22 D:/KLTN_badminton_Laravel/KLTN_badminton/backend-laravel/vendor/laravel/framework/src/Illuminate/Routing/Router.php(753): Illuminate/Routing/Router->dispatchToRoute(Object(Illuminate/Http/Request))
#23 D:/KLTN_badminton_Laravel/KLTN_badminton/backend-laravel/vendor/laravel/framework/src/Illuminate/Foundation/Http/Kernel.php(200): Illuminate/Routing/Router->dispatch(Object(Illuminate/Http/Request))
#24 D:/KLTN_badminton_Laravel/KLTN_badminton/backend-laravel/vendor/laravel/framework/src/Illuminate/Pipeline/Pipeline.php(180): Illuminate/Foundation/Http/Kernel->Illuminate/Foundation/Http/{closure}(Object(Illuminate/Http/Request))
#25 D:/KLTN_badminton_Laravel/KLTN_badminton/backend-laravel/vendor/laravel/framework/src/Illuminate/Foundation/Http/Middleware/TransformsRequest.php(21): Illuminate/Pipeline/Pipeline->Illuminate/Pipeline/{closure}(Object(Illuminate/Http/Request))
#26 D:/KLTN_badminton_Laravel/KLTN_badminton/backend-laravel/vendor/laravel/framework/src/Illuminate/Foundation/Http/Middleware/ConvertEmptyStringsToNull.php(31): Illuminate/Foundation/Http/Middleware/TransformsRequest->handle(Object(Illuminate/Http/Request), Object(Closure))
#27 D:/KLTN_badminton_Laravel/KLTN_badminton/backend-laravel/vendor/laravel/framework/src/Illuminate/Pipeline/Pipeline.php(219): Illuminate/Foundation/Http/Middleware/ConvertEmptyStringsToNull->handle(Object(Illuminate/Http/Request), Object(Closure))
#28 D:/KLTN_badminton_Laravel/KLTN_badminton/backend-laravel/vendor/laravel/framework/src/Illuminate/Foundation/Http/Middleware/TransformsRequest.php(21): Illuminate/Pipeline/Pipeline->Illuminate/Pipeline/{closure}(Object(Illuminate/Http/Request))
#29 D:/KLTN_badminton_Laravel/KLTN_badminton/backend-laravel/vendor/laravel/framework/src/Illuminate/Foundation/Http/Middleware/TrimStrings.php(51): Illuminate/Foundation/Http/Middleware/TransformsRequest->handle(Object(Illuminate/Http/Request), Object(Closure))
#30 D:/KLTN_badminton_Laravel/KLTN_badminton/backend-laravel/vendor/laravel/framework/src/Illuminate/Pipeline/Pipeline.php(219): Illuminate/Foundation/Http/Middleware/TrimStrings->handle(Object(Illuminate/Http/Request), Object(Closure))
#31 D:/KLTN_badminton_Laravel/KLTN_badminton/backend-laravel/vendor/laravel/framework/src/Illuminate/Http/Middleware/ValidatePostSize.php(27): Illuminate/Pipeline/Pipeline->Illuminate/Pipeline/{closure}(Object(Illuminate/Http/Request))
#32 D:/KLTN_badminton_Laravel/KLTN_badminton/backend-laravel/vendor/laravel/framework/src/Illuminate/Pipeline/Pipeline.php(219): Illuminate/Http/Middleware/ValidatePostSize->handle(Object(Illuminate/Http/Request), Object(Closure))
#33 D:/KLTN_badminton_Laravel/KLTN_badminton/backend-laravel/vendor/laravel/framework/src/Illuminate/Foundation/Http/Middleware/PreventRequestsDuringMaintenance.php(109): Illuminate/Pipeline/Pipeline->Illuminate/Pipeline/{closure}(Object(Illuminate/Http/Request))
#34 D:/KLTN_badminton_Laravel/KLTN_badminton/backend-laravel/vendor/laravel/framework/src/Illuminate/Pipeline/Pipeline.php(219): Illuminate/Foundation/Http/Middleware/PreventRequestsDuringMaintenance->handle(Object(Illuminate/Http/Request), Object(Closure))
#35 D:/KLTN_badminton_Laravel/KLTN_badminton/backend-laravel/vendor/laravel/framework/src/Illuminate/Http/Middleware/HandleCors.php(74): Illuminate/Pipeline/Pipeline->Illuminate/Pipeline/{closure}(Object(Illuminate/Http/Request))
#36 D:/KLTN_badminton_Laravel/KLTN_badminton/backend-laravel/vendor/laravel/framework/src/Illuminate/Pipeline/Pipeline.php(219): Illuminate/Http/Middleware/HandleCors->handle(Object(Illuminate/Http/Request), Object(Closure))
#37 D:/KLTN_badminton_Laravel/KLTN_badminton/backend-laravel/vendor/laravel/framework/src/Illuminate/Http/Middleware/TrustProxies.php(58): Illuminate/Pipeline/Pipeline->Illuminate/Pipeline/{closure}(Object(Illuminate/Http/Request))
#38 D:/KLTN_badminton_Laravel/KLTN_badminton/backend-laravel/vendor/laravel/framework/src/Illuminate/Pipeline/Pipeline.php(219): Illuminate/Http/Middleware/TrustProxies->handle(Object(Illuminate/Http/Request), Object(Closure))
#39 D:/KLTN_badminton_Laravel/KLTN_badminton/backend-laravel/vendor/laravel/framework/src/Illuminate/Foundation/Http/Middleware/InvokeDeferredCallbacks.php(22): Illuminate/Pipeline/Pipeline->Illuminate/Pipeline/{closure}(Object(Illuminate/Http/Request))
#40 D:/KLTN_badminton_Laravel/KLTN_badminton/backend-laravel/vendor/laravel/framework/src/Illuminate/Pipeline/Pipeline.php(219): Illuminate/Foundation/Http/Middleware/InvokeDeferredCallbacks->handle(Object(Illuminate/Http/Request), Object(Closure))
#41 D:/KLTN_badminton_Laravel/KLTN_badminton/backend-laravel/vendor/laravel/framework/src/Illuminate/Http/Middleware/ValidatePathEncoding.php(26): Illuminate/Pipeline/Pipeline->Illuminate/Pipeline/{closure}(Object(Illuminate/Http/Request))
#42 D:/KLTN_badminton_Laravel/KLTN_badminton/backend-laravel/vendor/laravel/framework/src/Illuminate/Pipeline/Pipeline.php(219): Illuminate/Http/Middleware/ValidatePathEncoding->handle(Object(Illuminate/Http/Request), Object(Closure))
#43 D:/KLTN_badminton_Laravel/KLTN_badminton/backend-laravel/vendor/laravel/framework/src/Illuminate/Pipeline/Pipeline.php(137): Illuminate/Pipeline/Pipeline->Illuminate/Pipeline/{closure}(Object(Illuminate/Http/Request))
#44 D:/KLTN_badminton_Laravel/KLTN_badminton/backend-laravel/vendor/laravel/framework/src/Illuminate/Foundation/Http/Kernel.php(175): Illuminate/Pipeline/Pipeline->then(Object(Closure))
#45 D:/KLTN_badminton_Laravel/KLTN_badminton/backend-laravel/vendor/laravel/framework/src/Illuminate/Foundation/Http/Kernel.php(144): Illuminate/Foundation/Http/Kernel->sendRequestThroughRouter(Object(Illuminate/Http/Request))
#46 D:/KLTN_badminton_Laravel/KLTN_badminton/backend-laravel/vendor/laravel/framework/src/Illuminate/Foundation/Application.php(1220): Illuminate/Foundation/Http/Kernel->handle(Object(Illuminate/Http/Request))
#47 D:/KLTN_badminton_Laravel/KLTN_badminton/backend-laravel/public/index.php(20): Illuminate/Foundation/Application->handleRequest(Object(Illuminate/Http/Request))
#48 D:/KLTN_badminton_Laravel/KLTN_badminton/backend-laravel/vendor/laravel/framework/src/Illuminate/Foundation/resources/server.php(23): require_once('D://KLTN_badmint...')
#49 {main}
"} 
[2026-09-05 03:15:27] local.ERROR: Uncaught PDOException: SQLSTATE[42000]: Syntax error or access violation: 1064 You have an error in your SQL syntax; check the manual that corresponds to your MySQL server version for the right syntax to use near '?' at line 1 in D:\KLTN_badminton_Laravel\KLTN_badminton\backend-laravel\vendor\laravel\framework\src\Illuminate\Database\Connection.php:420
Stack trace:
#0 D:\KLTN_badminton_Laravel\KLTN_badminton\backend-laravel\vendor\laravel\framework\src\Illuminate\Database\Connection.php(420): PDO->prepare('SHOW VARIABLES ...')
#1 D:\KLTN_badminton_Laravel\KLTN_badminton\backend-laravel\vendor\laravel\framework\src\Illuminate\Database\Connection.php(827): Illuminate\Database\Connection->Illuminate\Database\{closure}('SHOW VARIABLES ...', Array)
#2 D:\KLTN_badminton_Laravel\KLTN_badminton\backend-laravel\vendor\laravel\framework\src\Illuminate\Database\Connection.php(794): Illuminate\Database\Connection->runQueryCallback('SHOW VARIABLES ...', Array, Object(Closure))
#3 D:\KLTN_badminton_Laravel\KLTN_badminton\backend-laravel\vendor\laravel\framework\src\Illuminate\Database\Connection.php(411): Illuminate\Database\Connection->run('SHOW VARIABLES ...', Array, Object(Closure))
#4 D:\KLTN_badminton_Laravel\KLTN_badminton\backend-laravel\vendor\laravel\framework\src\Illuminate\Database\Connection.php(357): Illuminate\Database\Connection->select('SHOW VARIABLES ...', Array, true)
#5 D:\KLTN_badminton_Laravel\KLTN_badminton\backend-laravel\vendor\laravel\framework\src\Illuminate\Database\DatabaseManager.php(491): Illuminate\Database\Connection->selectOne('SHOW VARIABLES ...', Array)
#6 D:\KLTN_badminton_Laravel\KLTN_badminton\backend-laravel\vendor\laravel\framework\src\Illuminate\Support\Facades\Facade.php(363): Illuminate\Database\DatabaseManager->__call('selectOne', Array)
#7 Command line code(1): Illuminate\Support\Facades\Facade::__callStatic('selectOne', Array)
#8 {main}

Next Illuminate\Database\QueryException: SQLSTATE[42000]: Syntax error or access violation: 1064 You have an error in your SQL syntax; check the manual that corresponds to your MySQL server version for the right syntax to use near '?' at line 1 (Connection: mysql, Host: 127.0.0.1, Port: 3306, Database: kltn_badminton, SQL: SHOW VARIABLES LIKE log_bin) in D:\KLTN_badminton_Laravel\KLTN_badminton\backend-laravel\vendor\laravel\framework\src\Illuminate\Database\Connection.php:838
Stack trace:
#0 D:\KLTN_badminton_Laravel\KLTN_badminton\backend-laravel\vendor\laravel\framework\src\Illuminate\Database\Connection.php(794): Illuminate\Database\Connection->runQueryCallback('SHOW VARIABLES ...', Array, Object(Closure))
#1 D:\KLTN_badminton_Laravel\KLTN_badminton\backend-laravel\vendor\laravel\framework\src\Illuminate\Database\Connection.php(411): Illuminate\Database\Connection->run('SHOW VARIABLES ...', Array, Object(Closure))
#2 D:\KLTN_badminton_Laravel\KLTN_badminton\backend-laravel\vendor\laravel\framework\src\Illuminate\Database\Connection.php(357): Illuminate\Database\Connection->select('SHOW VARIABLES ...', Array, true)
#3 D:\KLTN_badminton_Laravel\KLTN_badminton\backend-laravel\vendor\laravel\framework\src\Illuminate\Database\DatabaseManager.php(491): Illuminate\Database\Connection->selectOne('SHOW VARIABLES ...', Array)
#4 D:\KLTN_badminton_Laravel\KLTN_badminton\backend-laravel\vendor\laravel\framework\src\Illuminate\Support\Facades\Facade.php(363): Illuminate\Database\DatabaseManager->__call('selectOne', Array)
#5 Command line code(1): Illuminate\Support\Facades\Facade::__callStatic('selectOne', Array)
#6 {main}
  thrown {"exception":"[object] (Symfony\\Component\\ErrorHandler\\Error\\FatalError(code: 0): Uncaught PDOException: SQLSTATE[42000]: Syntax error or access violation: 1064 You have an error in your SQL syntax; check the manual that corresponds to your MySQL server version for the right syntax to use near '?' at line 1 in D:\\KLTN_badminton_Laravel\\KLTN_badminton\\backend-laravel\\vendor\\laravel\\framework\\src\\Illuminate\\Database\\Connection.php:420
Stack trace:
#0 D:\\KLTN_badminton_Laravel\\KLTN_badminton\\backend-laravel\\vendor\\laravel\\framework\\src\\Illuminate\\Database\\Connection.php(420): PDO->prepare('SHOW VARIABLES ...')
#1 D:\\KLTN_badminton_Laravel\\KLTN_badminton\\backend-laravel\\vendor\\laravel\\framework\\src\\Illuminate\\Database\\Connection.php(827): Illuminate\\Database\\Connection->Illuminate\\Database\\{closure}('SHOW VARIABLES ...', Array)
#2 D:\\KLTN_badminton_Laravel\\KLTN_badminton\\backend-laravel\\vendor\\laravel\\framework\\src\\Illuminate\\Database\\Connection.php(794): Illuminate\\Database\\Connection->runQueryCallback('SHOW VARIABLES ...', Array, Object(Closure))
#3 D:\\KLTN_badminton_Laravel\\KLTN_badminton\\backend-laravel\\vendor\\laravel\\framework\\src\\Illuminate\\Database\\Connection.php(411): Illuminate\\Database\\Connection->run('SHOW VARIABLES ...', Array, Object(Closure))
#4 D:\\KLTN_badminton_Laravel\\KLTN_badminton\\backend-laravel\\vendor\\laravel\\framework\\src\\Illuminate\\Database\\Connection.php(357): Illuminate\\Database\\Connection->select('SHOW VARIABLES ...', Array, true)
#5 D:\\KLTN_badminton_Laravel\\KLTN_badminton\\backend-laravel\\vendor\\laravel\\framework\\src\\Illuminate\\Database\\DatabaseManager.php(491): Illuminate\\Database\\Connection->selectOne('SHOW VARIABLES ...', Array)
#6 D:\\KLTN_badminton_Laravel\\KLTN_badminton\\backend-laravel\\vendor\\laravel\\framework\\src\\Illuminate\\Support\\Facades\\Facade.php(363): Illuminate\\Database\\DatabaseManager->__call('selectOne', Array)
#7 Command line code(1): Illuminate\\Support\\Facades\\Facade::__callStatic('selectOne', Array)
#8 {main}

Next Illuminate\\Database\\QueryException: SQLSTATE[42000]: Syntax error or access violation: 1064 You have an error in your SQL syntax; check the manual that corresponds to your MySQL server version for the right syntax to use near '?' at line 1 (Connection: mysql, Host: 127.0.0.1, Port: 3306, Database: kltn_badminton, SQL: SHOW VARIABLES LIKE log_bin) in D:\\KLTN_badminton_Laravel\\KLTN_badminton\\backend-laravel\\vendor\\laravel\\framework\\src\\Illuminate\\Database\\Connection.php:838
Stack trace:
#0 D:\\KLTN_badminton_Laravel\\KLTN_badminton\\backend-laravel\\vendor\\laravel\\framework\\src\\Illuminate\\Database\\Connection.php(794): Illuminate\\Database\\Connection->runQueryCallback('SHOW VARIABLES ...', Array, Object(Closure))
#1 D:\\KLTN_badminton_Laravel\\KLTN_badminton\\backend-laravel\\vendor\\laravel\\framework\\src\\Illuminate\\Database\\Connection.php(411): Illuminate\\Database\\Connection->run('SHOW VARIABLES ...', Array, Object(Closure))
#2 D:\\KLTN_badminton_Laravel\\KLTN_badminton\\backend-laravel\\vendor\\laravel\\framework\\src\\Illuminate\\Database\\Connection.php(357): Illuminate\\Database\\Connection->select('SHOW VARIABLES ...', Array, true)
#3 D:\\KLTN_badminton_Laravel\\KLTN_badminton\\backend-laravel\\vendor\\laravel\\framework\\src\\Illuminate\\Database\\DatabaseManager.php(491): Illuminate\\Database\\Connection->selectOne('SHOW VARIABLES ...', Array)
#4 D:\\KLTN_badminton_Laravel\\KLTN_badminton\\backend-laravel\\vendor\\laravel\\framework\\src\\Illuminate\\Support\\Facades\\Facade.php(363): Illuminate\\Database\\DatabaseManager->__call('selectOne', Array)
#5 Command line code(1): Illuminate\\Support\\Facades\\Facade::__callStatic('selectOne', Array)
#6 {main}
  thrown at D:/KLTN_badminton_Laravel/KLTN_badminton/backend-laravel/vendor/laravel/framework/src/Illuminate/Database/Connection.php:838)
[stacktrace]
#0 {main}
"} 
[2026-09-05 06:34:34] local.ERROR: Writing to directory C:/Users/anhmi/AppData/Roaming/PsySH is not allowed. {"exception":"[object] (ErrorException(code: 0): Writing to directory C:/Users/anhmi/AppData/Roaming/PsySH is not allowed. at D:/KLTN_badminton_Laravel/KLTN_badminton/backend-laravel/vendor/psy/psysh/src/ConfigPaths.php:456)
[stacktrace]
#0 D:/KLTN_badminton_Laravel/KLTN_badminton/backend-laravel/vendor/laravel/framework/src/Illuminate/Foundation/Bootstrap/HandleExceptions.php(262): Illuminate/Foundation/Bootstrap/HandleExceptions->handleError(1024, 'Writing to dire...', 'D://KLTN_badmint...', 456)
#1 [internal function]: Illuminate/Foundation/Bootstrap/HandleExceptions->Illuminate/Foundation/Bootstrap/{closure}(1024, 'Writing to dire...', 'D://KLTN_badmint...', 456)
#2 D:/KLTN_badminton_Laravel/KLTN_badminton/backend-laravel/vendor/psy/psysh/src/ConfigPaths.php(456): trigger_error('Writing to dire...', 1024)
#3 D:/KLTN_badminton_Laravel/KLTN_badminton/backend-laravel/vendor/psy/psysh/src/ConfigPaths.php(485): Psy/ConfigPaths::ensureDir('C:/Users/anhmi/...')
#4 D:/KLTN_badminton_Laravel/KLTN_badminton/backend-laravel/vendor/psy/psysh/src/Configuration.php(1068): Psy/ConfigPaths::touchFileWithMkdir('C:/Users/anhmi/...')
#5 D:/KLTN_badminton_Laravel/KLTN_badminton/backend-laravel/vendor/psy/psysh/src/Configuration.php(1108): Psy/Configuration->setHistoryFile('C:/Users/anhmi/...')
#6 D:/KLTN_badminton_Laravel/KLTN_badminton/backend-laravel/vendor/psy/psysh/src/Configuration.php(1285): Psy/Configuration->getHistoryFile()
#7 D:/KLTN_badminton_Laravel/KLTN_badminton/backend-laravel/vendor/psy/psysh/src/Shell.php(192): Psy/Configuration->getReadline()
#8 D:/KLTN_badminton_Laravel/KLTN_badminton/backend-laravel/vendor/psy/psysh/src/Shell.php(2213): Psy/Shell->boot()
#9 D:/KLTN_badminton_Laravel/KLTN_badminton/backend-laravel/vendor/laravel/tinker/src/Console/TinkerCommand.php(77): Psy/Shell->execute('dump(['partner_...')
#10 D:/KLTN_badminton_Laravel/KLTN_badminton/backend-laravel/vendor/laravel/framework/src/Illuminate/Container/BoundMethod.php(36): Laravel/Tinker/Console/TinkerCommand->handle()
#11 D:/KLTN_badminton_Laravel/KLTN_badminton/backend-laravel/vendor/laravel/framework/src/Illuminate/Container/Util.php(43): Illuminate/Container/BoundMethod::Illuminate/Container/{closure}()
#12 D:/KLTN_badminton_Laravel/KLTN_badminton/backend-laravel/vendor/laravel/framework/src/Illuminate/Container/BoundMethod.php(96): Illuminate/Container/Util::unwrapIfClosure(Object(Closure))
#13 D:/KLTN_badminton_Laravel/KLTN_badminton/backend-laravel/vendor/laravel/framework/src/Illuminate/Container/BoundMethod.php(35): Illuminate/Container/BoundMethod::callBoundMethod(Object(Illuminate/Foundation/Application), Array, Object(Closure))
#14 D:/KLTN_badminton_Laravel/KLTN_badminton/backend-laravel/vendor/laravel/framework/src/Illuminate/Container/Container.php(799): Illuminate/Container/BoundMethod::call(Object(Illuminate/Foundation/Application), Array, Array, NULL)
#15 D:/KLTN_badminton_Laravel/KLTN_badminton/backend-laravel/vendor/laravel/framework/src/Illuminate/Console/Command.php(211): Illuminate/Container/Container->call(Array)
#16 D:/KLTN_badminton_Laravel/KLTN_badminton/backend-laravel/vendor/symfony/console/Command/Command.php(341): Illuminate/Console/Command->execute(Object(Symfony/Component/Console/Input/ArgvInput), Object(Illuminate/Console/OutputStyle))
#17 D:/KLTN_badminton_Laravel/KLTN_badminton/backend-laravel/vendor/laravel/framework/src/Illuminate/Console/Command.php(180): Symfony/Component/Console/Command/Command->run(Object(Symfony/Component/Console/Input/ArgvInput), Object(Illuminate/Console/OutputStyle))
#18 D:/KLTN_badminton_Laravel/KLTN_badminton/backend-laravel/vendor/symfony/console/Application.php(1117): Illuminate/Console/Command->run(Object(Symfony/Component/Console/Input/ArgvInput), Object(Symfony/Component/Console/Output/ConsoleOutput))
#19 D:/KLTN_badminton_Laravel/KLTN_badminton/backend-laravel/vendor/symfony/console/Application.php(356): Symfony/Component/Console/Application->doRunCommand(Object(Laravel/Tinker/Console/TinkerCommand), Object(Symfony/Component/Console/Input/ArgvInput), Object(Symfony/Component/Console/Output/ConsoleOutput))
#20 D:/KLTN_badminton_Laravel/KLTN_badminton/backend-laravel/vendor/symfony/console/Application.php(195): Symfony/Component/Console/Application->doRun(Object(Symfony/Component/Console/Input/ArgvInput), Object(Symfony/Component/Console/Output/ConsoleOutput))
#21 D:/KLTN_badminton_Laravel/KLTN_badminton/backend-laravel/vendor/laravel/framework/src/Illuminate/Foundation/Console/Kernel.php(198): Symfony/Component/Console/Application->run(Object(Symfony/Component/Console/Input/ArgvInput), Object(Symfony/Component/Console/Output/ConsoleOutput))
#22 D:/KLTN_badminton_Laravel/KLTN_badminton/backend-laravel/vendor/laravel/framework/src/Illuminate/Foundation/Application.php(1235): Illuminate/Foundation/Console/Kernel->handle(Object(Symfony/Component/Console/Input/ArgvInput), Object(Symfony/Component/Console/Output/ConsoleOutput))
#23 D:/KLTN_badminton_Laravel/KLTN_badminton/backend-laravel/artisan(16): Illuminate/Foundation/Application->handleCommand(Object(Symfony/Component/Console/Input/ArgvInput))
#24 {main}
"} 
[2026-09-05 07:25:47] local.ERROR: Writing to directory C:/Users/anhmi/AppData/Roaming/PsySH is not allowed. {"exception":"[object] (ErrorException(code: 0): Writing to directory C:/Users/anhmi/AppData/Roaming/PsySH is not allowed. at D:/KLTN_badminton_Laravel/KLTN_badminton/backend-laravel/vendor/psy/psysh/src/ConfigPaths.php:456)
[stacktrace]
#0 D:/KLTN_badminton_Laravel/KLTN_badminton/backend-laravel/vendor/laravel/framework/src/Illuminate/Foundation/Bootstrap/HandleExceptions.php(262): Illuminate/Foundation/Bootstrap/HandleExceptions->handleError(1024, 'Writing to dire...', 'D://KLTN_badmint...', 456)
#1 [internal function]: Illuminate/Foundation/Bootstrap/HandleExceptions->Illuminate/Foundation/Bootstrap/{closure}(1024, 'Writing to dire...', 'D://KLTN_badmint...', 456)
#2 D:/KLTN_badminton_Laravel/KLTN_badminton/backend-laravel/vendor/psy/psysh/src/ConfigPaths.php(456): trigger_error('Writing to dire...', 1024)
#3 D:/KLTN_badminton_Laravel/KLTN_badminton/backend-laravel/vendor/psy/psysh/src/ConfigPaths.php(485): Psy/ConfigPaths::ensureDir('C:/Users/anhmi/...')
#4 D:/KLTN_badminton_Laravel/KLTN_badminton/backend-laravel/vendor/psy/psysh/src/Configuration.php(1068): Psy/ConfigPaths::touchFileWithMkdir('C:/Users/anhmi/...')
#5 D:/KLTN_badminton_Laravel/KLTN_badminton/backend-laravel/vendor/psy/psysh/src/Configuration.php(1108): Psy/Configuration->setHistoryFile('C:/Users/anhmi/...')
#6 D:/KLTN_badminton_Laravel/KLTN_badminton/backend-laravel/vendor/psy/psysh/src/Configuration.php(1285): Psy/Configuration->getHistoryFile()
#7 D:/KLTN_badminton_Laravel/KLTN_badminton/backend-laravel/vendor/psy/psysh/src/Shell.php(192): Psy/Configuration->getReadline()
#8 D:/KLTN_badminton_Laravel/KLTN_badminton/backend-laravel/vendor/psy/psysh/src/Shell.php(2213): Psy/Shell->boot()
#9 D:/KLTN_badminton_Laravel/KLTN_badminton/backend-laravel/vendor/laravel/tinker/src/Console/TinkerCommand.php(77): Psy/Shell->execute('dump(App//Models...')
#10 D:/KLTN_badminton_Laravel/KLTN_badminton/backend-laravel/vendor/laravel/framework/src/Illuminate/Container/BoundMethod.php(36): Laravel/Tinker/Console/TinkerCommand->handle()
#11 D:/KLTN_badminton_Laravel/KLTN_badminton/backend-laravel/vendor/laravel/framework/src/Illuminate/Container/Util.php(43): Illuminate/Container/BoundMethod::Illuminate/Container/{closure}()
#12 D:/KLTN_badminton_Laravel/KLTN_badminton/backend-laravel/vendor/laravel/framework/src/Illuminate/Container/BoundMethod.php(96): Illuminate/Container/Util::unwrapIfClosure(Object(Closure))
#13 D:/KLTN_badminton_Laravel/KLTN_badminton/backend-laravel/vendor/laravel/framework/src/Illuminate/Container/BoundMethod.php(35): Illuminate/Container/BoundMethod::callBoundMethod(Object(Illuminate/Foundation/Application), Array, Object(Closure))
#14 D:/KLTN_badminton_Laravel/KLTN_badminton/backend-laravel/vendor/laravel/framework/src/Illuminate/Container/Container.php(799): Illuminate/Container/BoundMethod::call(Object(Illuminate/Foundation/Application), Array, Array, NULL)
#15 D:/KLTN_badminton_Laravel/KLTN_badminton/backend-laravel/vendor/laravel/framework/src/Illuminate/Console/Command.php(211): Illuminate/Container/Container->call(Array)
#16 D:/KLTN_badminton_Laravel/KLTN_badminton/backend-laravel/vendor/symfony/console/Command/Command.php(341): Illuminate/Console/Command->execute(Object(Symfony/Component/Console/Input/ArgvInput), Object(Illuminate/Console/OutputStyle))
#17 D:/KLTN_badminton_Laravel/KLTN_badminton/backend-laravel/vendor/laravel/framework/src/Illuminate/Console/Command.php(180): Symfony/Component/Console/Command/Command->run(Object(Symfony/Component/Console/Input/ArgvInput), Object(Illuminate/Console/OutputStyle))
#18 D:/KLTN_badminton_Laravel/KLTN_badminton/backend-laravel/vendor/symfony/console/Application.php(1117): Illuminate/Console/Command->run(Object(Symfony/Component/Console/Input/ArgvInput), Object(Symfony/Component/Console/Output/ConsoleOutput))
#19 D:/KLTN_badminton_Laravel/KLTN_badminton/backend-laravel/vendor/symfony/console/Application.php(356): Symfony/Component/Console/Application->doRunCommand(Object(Laravel/Tinker/Console/TinkerCommand), Object(Symfony/Component/Console/Input/ArgvInput), Object(Symfony/Component/Console/Output/ConsoleOutput))
#20 D:/KLTN_badminton_Laravel/KLTN_badminton/backend-laravel/vendor/symfony/console/Application.php(195): Symfony/Component/Console/Application->doRun(Object(Symfony/Component/Console/Input/ArgvInput), Object(Symfony/Component/Console/Output/ConsoleOutput))
#21 D:/KLTN_badminton_Laravel/KLTN_badminton/backend-laravel/vendor/laravel/framework/src/Illuminate/Foundation/Console/Kernel.php(198): Symfony/Component/Console/Application->run(Object(Symfony/Component/Console/Input/ArgvInput), Object(Symfony/Component/Console/Output/ConsoleOutput))
#22 D:/KLTN_badminton_Laravel/KLTN_badminton/backend-laravel/vendor/laravel/framework/src/Illuminate/Foundation/Application.php(1235): Illuminate/Foundation/Console/Kernel->handle(Object(Symfony/Component/Console/Input/ArgvInput), Object(Symfony/Component/Console/Output/ConsoleOutput))
#23 D:/KLTN_badminton_Laravel/KLTN_badminton/backend-laravel/artisan(16): Illuminate/Foundation/Application->handleCommand(Object(Symfony/Component/Console/Input/ArgvInput))
#24 {main}
"} 
